merchant_name,outlet,channel,mcc,mcc_category,confidence,data_points,last_verified
Eastarjet,,online,4511,Airlines,high,0,
Love Bonito (313 Mall - Shopback Pay),,online,5311,Department Store / Online,high,0,
Pharmex Healthcare,,contactless,5311,Department Store / Online,high,0,
changi,,any,5311,Department Store / Online,high,7,2026-04
courts,,any,5311,Department Store / Online,medium,2,2025-04
grab,,any,7399,Business Services,high,1,2026-06
heymax,,any,5311,Department Store / Online,high,37,2026-05
iShopChangi (via ShopBack),,online,5311,Department Store / Online,high,0,
ikea,,any,5311,Department Store / Online,medium,2,2024-11
klook,,any,5311,Department Store / Online,medium,3,2025-05
lazada,,any,5311,Department Store / Online,high,30,2026-05
ntuc,,any,5311,Department Store / Online,medium,2,2025-05
qoo10,,any,5311,Department Store / Online,medium,2,2024-07
shopback,,any,5311,Department Store / Online,high,22,2026-03
shopee,,any,5311,Department Store / Online,high,12,2026-05
starbucks,,any,5311,Department Store / Online,medium,3,2025-05
watsons,,any,5311,Department Store / Online,medium,11,2025-07
A KITCHEN,,contactless,5812,Dining,high,0,
A Kitchen  (Jurong East),,contactless,5812,Dining,high,0,
Belle-Ville,,contactless,5812,Dining,high,0,
Bistecca Tuscan Steakhouse,,contactless,5812,Dining,high,0,
CARLTON CITY HTL SPORE,,contactless,5812,Dining,high,0,
Chilli Up Hunan Cuisine,,contactless,5812,Dining,high,0,
HAKATA IKKOUSHA,,contactless,5812,Dining,high,0,
HANS - Novena Square,,contactless,5812,Dining,high,0,
Hayop,,contactless,5812,Dining,high,0,
Ippudo (i12 Katong),,contactless,5812,Dining,high,0,
Jo Yi Cafe,,contactless,5812,Dining,high,0,
Longjing,,contactless,5812,Dining,high,0,
Ryo Sushi,,contactless,5812,Dining,high,0,
SEOREAJIB (Plaze Singapura),,contactless,5812,Dining,high,0,
TWG TEA BOUTIQUE - Changi Terminal 1,,contactless,5812,Dining,high,0,
Tai Cheong Bakery,,contactless,5812,Dining,high,0,
Tai Er  (Great World City),,contactless,5812,Dining,high,0,
The Barking Bean,,contactless,5812,Dining,high,0,
The Horse's Mouth,,contactless,5812,Dining,high,0,
Three Blind Pigs Asia Square Tower 1,,contactless,5812,Dining,high,0,
Tongue Tip Lanzhou Beef Noodle  (via Kris+),,online,5812,Dining,high,0,
Tsukiji Kaisendon,,contactless,5812,Dining,high,0,
Unwine Bars,,contactless,5812,Dining,high,0,
XIANG XIANG HUNAN CUISINE,,contactless,5812,Dining,high,0,
Yakun Bukit Panjang Plaza (App),,online,5812,Dining,high,0,
Yakun Causeway point (App Visa),,online,5812,Dining,high,0,
Yakun Chinatown Point (App),,online,5812,Dining,high,0,
Yakun Clarke Quay Central (App),,online,5812,Dining,high,0,
Yakun Far East Square,,contactless,5812,Dining,high,0,
Yakun Fusionopolis (App Visa),,online,5812,Dining,high,0,
Yakun Fusionopolis (Visa contactless),,contactless,5812,Dining,high,0,
Yakun HDB Hub,,contactless,5812,Dining,high,0,
Yakun Holland Village,,contactless,5812,Dining,high,0,
Yakun Junction 8 (App),,online,5812,Dining,high,0,
Yakun Marina Square,,contactless,5812,Dining,high,0,
Yakun Metropolis (App Mastercard),,online,5812,Dining,high,0,
Yakun Nex Serangoon (App),,online,5812,Dining,high,0,
Yakun One Raffles Place (App Visa),,online,5812,Dining,high,0,
Yakun Paragon (App),,online,5812,Dining,high,0,
Yakun Suntec Level 2 (Paywave),,contactless,5812,Dining,high,0,
Yakun VivoCity B2 (Amex),,contactless,5812,Dining,high,0,
Yakun VivoCity B2 (App),,online,5812,Dining,high,0,
changi,,any,5812,Dining,high,2,2026-04
deliveroo,,any,5812,Dining,medium,4,2024-06
fairprice,,any,5812,Dining,high,1,2026-01
foodpanda,,any,5812,Dining,medium,2,2025-07
grab,,any,5812,Dining,high,12,2026-01
grabfood,,any,5812,Dining,medium,5,2025-12
heymax,,any,5812,Dining,high,20,2026-05
klook,,any,5812,Dining,medium,5,2025-05
kopitiam,,any,5812,Dining,medium,2,2024-05
marche,,any,5812,Dining,medium,3,2025-08
shopback,,any,5812,Dining,high,30,2026-03
starbucks,,any,5812,Dining,medium,2,2025-05
yakun,,any,5812,Dining,high,54,2026-04
Gain City Website,,online,5732,Electronics,high,0,
Kuriosity,,contactless,5732,Electronics,high,0,
Red Point Audio Electronics,,contactless,5732,Electronics,high,0,
challenger,,any,5732,Electronics,medium,6,2026-06
changi,,any,5732,Electronics,high,1,2026-04
courts,,any,5732,Electronics,medium,1,2025-04
harvey norman,,any,5732,Electronics,medium,9,2026-01
heymax,,any,5732,Electronics,high,11,2026-05
ikea,,any,5732,Electronics,medium,1,2024-11
978 seafood hua long,,contactless,5814,Fast Food / Cafe,high,0,
A Kitchen  (Bukit Merah),,contactless,5814,Fast Food / Cafe,high,0,
ALP*Huawei,,contactless,5814,Fast Food / Cafe,high,0,
Age Ya,,contactless,5814,Fast Food / Cafe,high,0,
Ah Chew Dessert (Cineleisure),,contactless,5814,Fast Food / Cafe,high,0,
Alchemist,,contactless,5814,Fast Food / Cafe,high,0,
AtTea,,contactless,5814,Fast Food / Cafe,high,0,
Ayam Penyet President @ Bedok,,contactless,5814,Fast Food / Cafe,high,0,
BAOS PASTRY,,contactless,5814,Fast Food / Cafe,high,0,
Baker & Cook,,contactless,5814,Fast Food / Cafe,high,0,
Beastly Girls,,contactless,5814,Fast Food / Cafe,high,0,
Bee Cheng Hiang Online (Website),,online,5814,Fast Food / Cafe,high,0,
Boon Keng Road Fish Head,,contactless,5814,Fast Food / Cafe,high,0,
Breakfast Grill @ East Coast Road (QR code),,contactless,5814,Fast Food / Cafe,high,0,
CAKEBAR (OHV),,contactless,5814,Fast Food / Cafe,high,0,
Cotti Coffee,,online,5814,Fast Food / Cafe,high,0,
Deliz Cafe,,contactless,5814,Fast Food / Cafe,high,0,
Doran Chicken Online Payment,,online,5814,Fast Food / Cafe,high,0,
Eastern Rice Dumpling,,contactless,5814,Fast Food / Cafe,high,0,
Everton Creamery Pte L,,contactless,5814,Fast Food / Cafe,high,0,
Folkyard Serangoon,,contactless,5814,Fast Food / Cafe,high,0,
Foobar,,online,5814,Fast Food / Cafe,high,0,
Gelatissimo (i12 Katong),,contactless,5814,Fast Food / Cafe,high,0,
Golden Cafe,,contactless,5814,Fast Food / Cafe,high,0,
Grab dine out,,online,5814,Fast Food / Cafe,high,0,
HA JUN KOREAN (ELEMENTUM),,contactless,5814,Fast Food / Cafe,high,0,
Hundred Grains,,contactless,5814,Fast Food / Cafe,high,0,
JIAK BA FOOD HEAVEN (ARC),,online,5814,Fast Food / Cafe,high,0,
Jollibee Novena Square,,contactless,5814,Fast Food / Cafe,high,0,
KARUBI,,contactless,5814,Fast Food / Cafe,high,0,
Kyukei Coffee,,contactless,5814,Fast Food / Cafe,high,0,
Marutama Ramen @ The Central,,any,5814,Fast Food / Cafe,high,0,
Meidi Ya @ Millenia Walk (Gokoku Japanese Bakery),,contactless,5814,Fast Food / Cafe,high,0,
Milk And Honey,,contactless,5814,Fast Food / Cafe,high,0,
Mincheng Bibimbap,,contactless,5814,Fast Food / Cafe,high,0,
Muji Cafe Plaza Sing,,contactless,5814,Fast Food / Cafe,high,0,
OMISE CATAND,,contactless,5814,Fast Food / Cafe,high,0,
PastaGo,,contactless,5814,Fast Food / Cafe,high,0,
Poke Theory PLQ,,contactless,5814,Fast Food / Cafe,high,0,
Prologue Cafe @ Millenia Walk,,contactless,5814,Fast Food / Cafe,high,0,
Ruxu Tongsui,,contactless,5814,Fast Food / Cafe,high,0,
SOD Cafe,,contactless,5814,Fast Food / Cafe,high,0,
Sukiya Online,,online,5814,Fast Food / Cafe,high,0,
Sultan Prata Corner,,contactless,5814,Fast Food / Cafe,high,0,
Super Sushi,,contactless,5814,Fast Food / Cafe,high,0,
Surrey hills vivo,,contactless,5814,Fast Food / Cafe,high,0,
TOAST BOX - Great World City,,contactless,5814,Fast Food / Cafe,high,0,
TORI-Q GREAT WORLD CITY,,contactless,5814,Fast Food / Cafe,high,0,
To: YOU Cafe,,contactless,5814,Fast Food / Cafe,high,0,
Tolido's Express Nook,,contactless,5814,Fast Food / Cafe,high,0,
Tori Q Bedok Mall,,contactless,5814,Fast Food / Cafe,high,0,
Tsuzumi Dango,,contactless,5814,Fast Food / Cafe,high,0,
Two Men Bagel House,,contactless,5814,Fast Food / Cafe,high,0,
Wok Hey,,contactless,5814,Fast Food / Cafe,high,0,
Yakun 100AM,,contactless,5814,Fast Food / Cafe,high,0,
Yakun 313 Somerset (Visa contactless),,contactless,5814,Fast Food / Cafe,high,0,
Yakun AMK Hub (Visa contactless),,contactless,5814,Fast Food / Cafe,high,0,
Yakun Aperia Mall,,contactless,5814,Fast Food / Cafe,high,0,
Yakun Artra (Visa contactless),,contactless,5814,Fast Food / Cafe,high,0,
Yakun Bedok Mall (Visa contactless),,contactless,5814,Fast Food / Cafe,high,0,
Yakun Bugis,,contactless,5814,Fast Food / Cafe,high,0,
Yakun Bukit Panjang Plaza (Visa contactless),,contactless,5814,Fast Food / Cafe,high,0,
Yakun Changi Terminal 3 B1 (Visa contactless),,contactless,5814,Fast Food / Cafe,high,0,
Yakun City Square Mall (Mastercard contactless),,contactless,5814,Fast Food / Cafe,high,0,
Yakun Clementi Mall,,contactless,5814,Fast Food / Cafe,high,0,
Yakun Compass One (Mastercard contactless),,contactless,5814,Fast Food / Cafe,high,0,
Yakun Funan (Visa contactless),,contactless,5814,Fast Food / Cafe,high,0,
Yakun Fusionopolis (Mastercard contactless),,contactless,5814,Fast Food / Cafe,high,0,
Yakun Harbourfront,,contactless,5814,Fast Food / Cafe,high,0,
Yakun Heartland Mall (Mastercard Contactless),,contactless,5814,Fast Food / Cafe,high,0,
Yakun Hong Leong Building (Mastercard),,contactless,5814,Fast Food / Cafe,high,0,
Yakun IMM (Mastercard contactless),,contactless,5814,Fast Food / Cafe,high,0,
Yakun Ion Orchard (Visa contactless),,contactless,5814,Fast Food / Cafe,high,0,
Yakun Jewel (Visa contactless),,contactless,5814,Fast Food / Cafe,high,0,
Yakun Lot One,,contactless,5814,Fast Food / Cafe,high,0,
Yakun Ng Teng Fong GH (Mastercard contactless),,contactless,5814,Fast Food / Cafe,high,0,
Yakun One Raffles Place (Mastercard contactless),,contactless,5814,Fast Food / Cafe,high,0,
Yakun Paragon (Mastercard contactless),,contactless,5814,Fast Food / Cafe,high,0,
Yakun Parkway (Visa contactless),,contactless,5814,Fast Food / Cafe,high,0,
Yakun Rail mall (Visa contactless),,contactless,5814,Fast Food / Cafe,high,0,
Yakun Seletar Mall (Visa contactless),,contactless,5814,Fast Food / Cafe,high,0,
Yakun Sun Plaza (Visa contactless),,contactless,5814,Fast Food / Cafe,high,0,
Yakun Takashimaya B2 (Mastercard contactless),,contactless,5814,Fast Food / Cafe,high,0,
Yakun Toa Payoh Safra (Mastercard),,contactless,5814,Fast Food / Cafe,high,0,
Yakun VivoCity (Visa Contactless),,contactless,5814,Fast Food / Cafe,high,0,
Yakun Waterway Point (Visa Contactless),,contactless,5814,Fast Food / Cafe,high,0,
Yakun West Mall (Visa contactless Mastercard),,contactless,5814,Fast Food / Cafe,high,0,
Yakun Westgate (App),,online,5814,Fast Food / Cafe,high,0,
Yakun White Sands (Visa contactless),,contactless,5814,Fast Food / Cafe,high,0,
Yakun Woodleigh mall (Mastercard),,contactless,5814,Fast Food / Cafe,high,0,
Zhang Liang Mala Tang,,contactless,5814,Fast Food / Cafe,high,0,
changi,,any,5814,Fast Food / Cafe,high,64,2026-04
courts,,any,5814,Fast Food / Cafe,medium,1,2025-04
deliveroo,,any,5814,Fast Food / Cafe,medium,2,2024-06
fairprice,,any,5814,Fast Food / Cafe,high,4,2026-01
foodpanda,,any,5814,Fast Food / Cafe,medium,4,2025-07
grab,,any,5814,Fast Food / Cafe,high,21,2026-01
grabfood,,any,5814,Fast Food / Cafe,medium,9,2025-12
heymax,,any,5814,Fast Food / Cafe,high,20,2026-05
iSTEAKS @JEM,,contactless,5814,Fast Food / Cafe,high,0,
ikea,,any,5814,Fast Food / Cafe,medium,2,2024-11
kopitiam,,any,5814,Fast Food / Cafe,medium,11,2024-05
marche,,any,5814,Fast Food / Cafe,medium,1,2025-08
shopback,,any,5814,Fast Food / Cafe,high,24,2026-03
starbucks,,any,5814,Fast Food / Cafe,medium,5,2025-05
two men bagel house joo chiat,,contactless,5814,Fast Food / Cafe,high,0,
yakun,,any,5814,Fast Food / Cafe,high,3,2026-04
EZBuy Avant Logistic Service,,online,5411,Grocery,high,0,
NTUC FairPrice Online,,online,5411,Grocery,high,0,
NTUC FairPrice,,any,5411,Grocery,high,5,2026-01
Oh Deli,,contactless,5411,Grocery,high,0,
WANG SAN YANG TEA MERCHANT,,contactless,5411,Grocery,high,0,
Yakun Aperia Mall (App),,online,5411,Grocery,high,0,
Yakun Causeway point (App Visa),,online,5411,Grocery,high,0,
Yakun Century Square (App),,online,5411,Grocery,high,0,
Yakun City Square Mall (App),,online,5411,Grocery,high,0,
Yakun Far East Square (App),,online,5411,Grocery,high,0,
Yakun Funan (App),,online,5411,Grocery,high,0,
Yakun IMM (App Mastercard),,online,5411,Grocery,high,0,
Yakun Metropolis (App Visa),,online,5411,Grocery,high,0,
Yakun Ng Teng Fong GH (App),,online,5411,Grocery,high,0,
Yakun Paya Lebar Square (App),,online,5411,Grocery,high,0,
Yakun Raffles City (Visa App),,contactless,5411,Grocery,high,0,
Yakun Suntec Basement 2 (App),,online,5411,Grocery,high,0,
Yakun Toa Payoh Safra (App Visa),,online,5411,Grocery,high,0,
Yakun Woods Square (App),,online,5411,Grocery,high,0,
esso,,any,5411,Grocery,high,1,2025-05
fairprice,,any,5411,Grocery,high,8,2026-01
kopitiam,,any,5411,Grocery,medium,1,2024-05
lazada,,any,5411,Grocery,high,15,2026-05
ntuc,,any,5411,Grocery,medium,8,2025-05
qoo10,,any,5411,Grocery,medium,1,2024-07
shopee,,any,5411,Grocery,high,6,2026-05
yakun,,any,5411,Grocery,high,28,2026-04
VIE HOTEL,,online,7011,Hotels,high,0,
Shopee,,contactless,5262,Marketplace,high,27,2026-06
lazada,,any,5262,Marketplace,high,4,2026-06
shopee,,any,5262,Marketplace,high,27,2026-05
esso,,any,5541,Petrol,high,5,2025-05
fairprice,,any,5541,Petrol,high,1,2026-01
grab,,any,5541,Petrol,high,1,2026-01
shell,,any,5541,Petrol,medium,6,2025-03
watsons,,any,5912,Pharmacy,medium,1,2025-07
Flexar,,online,4121,Taxi / Ride-hailing,high,0,
Grab (Rides),,online,4121,Taxi / Ride-hailing,high,0,
Eight Telecom,,online,4814,Telecommunications,high,0,
GOMO Recurring payment,,online,4814,Telecommunications,high,0,
Whizcomms,,contactless,4814,Telecommunications,high,0,
singtel,,any,4814,Telecommunications,medium,1,2024-12
Wego,,online,4722,Travel Agency,high,0,
lazada,,any,5331,Variety Store,high,8,2026-05
shopee,,any,5331,Variety Store,high,25,2026-05
Sheng Siong,,any,5411,Grocery,high,5,2026-05
Cold Storage,,any,5411,Grocery,medium,3,2026-05
Giant,,any,5411,Grocery,medium,2,2026-05
Redmart,,online,5411,Grocery,medium,1,2026-05
Guardian,,any,5912,Pharmacy,medium,2,2026-05
Sinopec,,any,5541,Petrol,medium,2,2026-05
Caltex,,any,5541,Petrol,medium,2,2026-05
McDonald's,,any,5814,Fast Food / Cafe,medium,3,2026-05
KFC,,any,5814,Fast Food / Cafe,medium,2,2026-05
Burger King,,any,5814,Fast Food / Cafe,medium,2,2026-05
LiHo,,any,5814,Fast Food / Cafe,medium,1,2026-05
Koi,,any,5814,Fast Food / Cafe,medium,1,2026-05
Toast Box,,any,5814,Fast Food / Cafe,high,3,2026-05
Ya Kun,,any,5814,Fast Food / Cafe,medium,2,2026-05
Hai Di Lao,,any,5812,Dining,medium,1,2026-05
Song Fa,,any,5812,Dining,medium,2,2026-05
Oddle,,online,5812,Dining,medium,2,2026-05
Air japan,,online,4511,Airlines,medium,1,2026-05
Airasia,,online,4511,Airlines,medium,1,2026-05
Fiji Airways,,any,4511,Airlines,medium,1,2026-05
Firefly Airlines,,any,4511,Airlines,medium,1,2026-05
Hong Kong Airlines,,any,4511,Airlines,medium,1,2026-05
Juneyao,,any,4511,Airlines,medium,1,2026-05
Malindo Air,,any,4511,Airlines,medium,1,2026-05
Scoot,,any,4511,Airlines,medium,1,2026-05
Starlux Airlines,,any,4511,Airlines,medium,1,2026-05
Tailwind Air,,any,4511,Airlines,medium,1,2026-05
Vietnam Airlines,,any,4511,Airlines,medium,1,2026-05
Zipair,,online,4511,Airlines,medium,1,2026-05
"1864, Sofitel Singapore City Centre",,any,5813,Bars,medium,1,2026-05
28 Hongkong Street,,any,5813,Bars,medium,1,2026-05
5 Emerald Hill,,any,5813,Bars,medium,1,2026-05
Acid Bar,,any,5813,Bars,medium,1,2026-05
All About Eve Music Bar & Kitchen,,any,5813,Bars,medium,1,2026-05
Alley Bar,,any,5813,Bars,medium,1,2026-05
Almost Famous Craft Beer Bar,,any,5813,Bars,medium,1,2026-05
Asiatic,,any,5813,Bars,medium,1,2026-05
Bar-Beque,,any,5813,Bars,medium,1,2026-05
Beast & Butterflies,,any,5813,Bars,medium,1,2026-05
Black Tap,,any,5813,Bars,medium,1,2026-05
Blackbird Pub & Restaurant,,any,5813,Bars,medium,1,2026-05
Bob Bar,,any,5813,Bars,medium,1,2026-05
Bob'S Bar,,any,5813,Bars,medium,1,2026-05
Brasserie Gavroche,,any,5813,Bars,medium,1,2026-05
Brewerkz,,any,5813,Bars,medium,1,2026-05
Brewerkz One Fullerton,,any,5813,Bars,medium,1,2026-05
Brewerkz Orchard Rendezvous Hotel,,any,5813,Bars,medium,1,2026-05
Brewerkz Riverside Point,,any,5813,Bars,medium,1,2026-05
Brewerkz Seletar Aerospace Park,,any,5813,Bars,medium,1,2026-05
Brotzeit,,any,5813,Bars,medium,1,2026-05
Cash Studio,,any,5813,Bars,medium,1,2026-05
Club 5,,any,5813,Bars,medium,1,2026-05
Coastes,,any,5813,Bars,medium,1,2026-05
Crossroads Bar,,any,5813,Bars,medium,1,2026-05
Da Paolo Gastronomia,,any,5813,Bars,medium,1,2026-05
Druggists,,any,5813,Bars,medium,1,2026-05
Gayatri Restaurant Singap,,any,5813,Bars,medium,1,2026-05
Gyukatsu Kyoto Katsugyu Raffles City,,any,5813,Bars,medium,1,2026-05
Hari'S Lobby Lounge & Bar,,any,5813,Bars,medium,1,2026-05
Harry'S,,any,5813,Bars,medium,1,2026-05
Harry'S (Angullia Park),,any,5813,Bars,medium,1,2026-05
Harry'S (Boat Quay),,any,5813,Bars,medium,1,2026-05
Harry'S (Clarke Quay),,any,5813,Bars,medium,1,2026-05
Harry'S (Dempsey Hill),,any,5813,Bars,medium,1,2026-05
Harry'S (Harbourfront),,any,5813,Bars,medium,1,2026-05
Harry'S (South Beach),,any,5813,Bars,medium,1,2026-05
Harry'S (Tampines Grande),,any,5813,Bars,medium,1,2026-05
Hopscotch (Capitol),,any,5813,Bars,medium,1,2026-05
Hopscotch (Gardens By The Bay),,any,5813,Bars,medium,1,2026-05
Hopscotch(29Rooms),,any,5813,Bars,medium,1,2026-05
Isla Verde Express,,any,5813,Bars,medium,1,2026-05
Kanpai,,any,5813,Bars,medium,1,2026-05
Kpo Cafe Bar,,any,5813,Bars,medium,1,2026-05
Malts,,any,5813,Bars,medium,1,2026-05
Mandarin Oriental Intl,,any,5813,Bars,medium,1,2026-05
Marche,,any,5813,Bars,medium,1,2026-05
Marquee,,any,5813,Bars,medium,1,2026-05
Merdandy Bar & Cafe,,any,5813,Bars,medium,1,2026-05
Mo Bar,,any,5813,Bars,medium,1,2026-05
Nassim Hill,,any,5813,Bars,medium,1,2026-05
Ollie Kitchen & Bar,,any,5813,Bars,medium,1,2026-05
Party World Ktv,,any,5813,Bars,medium,1,2026-05
Pearl Alley,,any,5813,Bars,medium,1,2026-05
Pegasus,,any,5813,Bars,medium,1,2026-05
Plaza Premium Lounge,,any,5813,Bars,medium,1,2026-05
Po Restaurant,,any,5813,Bars,medium,1,2026-05
Portman'S Bar,,any,5813,Bars,medium,1,2026-05
Quaich Bar Wanderlust,,any,5813,Bars,medium,1,2026-05
Quijote Tapas Bar,,any,5813,Bars,medium,1,2026-05
Red Rock Motomachi,,any,5813,Bars,medium,1,2026-05
Reddot Brewhouse,,any,5813,Bars,medium,1,2026-05
Redtail Bar By Zouk,,any,5813,Bars,medium,1,2026-05
Revival,,any,5813,Bars,medium,1,2026-05
Revival Sg,,any,5813,Bars,medium,1,2026-05
Signature Reserve,,any,5813,Bars,medium,1,2026-05
Skyline Bar,,any,5813,Bars,medium,1,2026-05
Sos Restaurants,,any,5813,Bars,medium,1,2026-05
Stickies Bar,,any,5813,Bars,medium,1,2026-05
Tap,,any,5813,Bars,medium,1,2026-05
Tapas Club,,any,5813,Bars,medium,1,2026-05
Temple Cellars,,any,5813,Bars,medium,1,2026-05
Teo Heng Ktv,,any,5813,Bars,medium,1,2026-05
The Auld Alliance,,any,5813,Bars,medium,1,2026-05
The Blackbird,,any,5813,Bars,medium,1,2026-05
The Boiler Room,,any,5813,Bars,medium,1,2026-05
The Cocktail Office,,any,5813,Bars,medium,1,2026-05
The Courtyard Ale House,,any,5813,Bars,medium,1,2026-05
The Guthrie Inn,,any,5813,Bars,medium,1,2026-05
The Happiest Hour,,any,5813,Bars,medium,1,2026-05
The Mask,,any,5813,Bars,medium,1,2026-05
The Ole Swiss,,any,5813,Bars,medium,1,2026-05
The Queen'S Inglish Pub,,any,5813,Bars,medium,1,2026-05
The Tipsy Bird,,any,5813,Bars,medium,1,2026-05
The Writing Club,,any,5813,Bars,medium,1,2026-05
Timbre,,any,5813,Bars,medium,1,2026-05
Tuckshop,,any,5813,Bars,medium,1,2026-05
Twins Lounge,,any,5813,Bars,medium,1,2026-05
Wala Wala Cafe Bar,,any,5813,Bars,medium,1,2026-05
Warm Up Cafe,,any,5813,Bars,medium,1,2026-05
Woobar,,any,5813,Bars,medium,1,2026-05
Yummy Punjaby,,online,5813,Bars,medium,1,2026-05
Ziggy'S Karaoke Rooms & Cocktail Bar,,any,5813,Bars,medium,1,2026-05
Zouk,,any,5813,Bars,medium,1,2026-05
Bluesg,,any,7512,Car Rental,medium,1,2026-05
Carzuno,,online,7512,Car Rental,medium,1,2026-05
Drivelah.Sg,,online,7512,Car Rental,medium,1,2026-05
Getgo,,any,7512,Car Rental,medium,1,2026-05
Getrentacar,,online,7512,Car Rental,medium,1,2026-05
Lotus Car Rental,,online,7512,Car Rental,medium,1,2026-05
NICONICO RENT A CAR,,any,7512,Car Rental,medium,1,2026-05
Orix car rental,,any,7512,Car Rental,medium,1,2026-05
Rentalcars.Com,,online,7512,Car Rental,medium,1,2026-05
Toyota rent a car,,any,7512,Car Rental,medium,1,2026-05
Cathay Cineplexes,,any,7832,Cinema,medium,1,2026-05
Filmgarde,,online,7832,Cinema,medium,1,2026-05
Golden Village (Gv),,any,7832,Cinema,medium,1,2026-05
Pangdemonium,,any,7832,Cinema,medium,1,2026-05
Shaw Theatres,,any,7832,Cinema,medium,1,2026-05
Singapore Chinese Orchestra Co Ltd,,any,7832,Cinema,medium,1,2026-05
The Art,,any,7832,Cinema,medium,1,2026-05
The Projector,,any,7832,Cinema,medium,1,2026-05
Tree Art,,any,7832,Cinema,medium,1,2026-05
We Cinema,,any,7832,Cinema,medium,1,2026-05
1872 Clipper Tea IOI Central Boulevard Towers,,any,5499,Convenience Store,medium,1,2026-05
7-Eleven,,any,5499,Convenience Store,medium,1,2026-05
A1Supplements.Com,,online,5499,Convenience Store,medium,1,2026-05
Australian Naturalcare,,online,5499,Convenience Store,medium,1,2026-05
Bee Cheng Hiang,,any,5499,Convenience Store,medium,1,2026-05
Best World Lifestyle - Vs,,any,5499,Convenience Store,medium,1,2026-05
Bliss Nest Capsules (Bnc),,any,5499,Convenience Store,medium,1,2026-05
Boost Juice Bar,,any,5499,Convenience Store,medium,1,2026-05
Bottles And Bottles,,any,5499,Convenience Store,medium,1,2026-05
Brands,,any,5499,Convenience Store,medium,1,2026-05
Cellarbration,,any,5499,Convenience Store,medium,1,2026-05
Cheers,,any,5499,Convenience Store,medium,1,2026-05
Choc Spot,,any,5499,Convenience Store,medium,1,2026-05
Chun Yang Tea,,any,5499,Convenience Store,medium,1,2026-05
Coco & Frank,,any,5499,Convenience Store,medium,1,2026-05
Comvita,,online,5499,Convenience Store,medium,1,2026-05
Crave,,any,5499,Convenience Store,medium,1,2026-05
Cut Butchery,,any,5499,Convenience Store,medium,1,2026-05
Dish The Fish,,any,5499,Convenience Store,medium,1,2026-05
Dutch Colony,,any,5499,Convenience Store,medium,1,2026-05
Eu Yan Sang (Stores),,any,5499,Convenience Store,medium,1,2026-05
Everyplate,,online,5499,Convenience Store,medium,1,2026-05
Famous Amos,,any,5499,Convenience Store,medium,1,2026-05
Fassler Gourmet,,any,5499,Convenience Store,medium,1,2026-05
Feeling 18,,any,5499,Convenience Store,medium,1,2026-05
Foodpanda,,online,5499,Convenience Store,medium,1,2026-05
Fragrance Bak Kwa,,any,5499,Convenience Store,medium,1,2026-05
Fragrance Foodstuff-Ps,,any,5499,Convenience Store,medium,1,2026-05
Garrett,,any,5499,Convenience Store,medium,1,2026-05
Garrett Popcorn,,any,5499,Convenience Store,medium,1,2026-05
Gary'S Wine & Marketplace,,any,5499,Convenience Store,medium,1,2026-05
Gnc,,any,5499,Convenience Store,medium,1,2026-05
Grain,,any,5499,Convenience Store,medium,1,2026-05
Guma Guma,,any,5499,Convenience Store,medium,1,2026-05
Hans Cafe,,any,5499,Convenience Store,medium,1,2026-05
Healthylife,,any,5499,Convenience Store,medium,1,2026-05
Hellofresh,,online,5499,Convenience Store,medium,1,2026-05
Herbspro,,online,5499,Convenience Store,medium,1,2026-05
Highlander,,any,5499,Convenience Store,medium,1,2026-05
Hockhua Tonic,,any,5499,Convenience Store,medium,1,2026-05
Honeyworld,,any,5499,Convenience Store,medium,1,2026-05
Hong Kong Egglet,,any,5499,Convenience Store,medium,1,2026-05
Hook Coffee,,any,5499,Convenience Store,medium,1,2026-05
Huber'S Butchery,,any,5499,Convenience Store,medium,1,2026-05
Iherb,,online,5499,Convenience Store,medium,1,2026-05
Irvins,,any,5499,Convenience Store,medium,1,2026-05
Kele,,any,5499,Convenience Store,medium,1,2026-05
Kitchen Hands,,any,5499,Convenience Store,medium,1,2026-05
L'Or,,any,5499,Convenience Store,medium,1,2026-05
LeTAO Otaru,,any,5499,Convenience Store,medium,1,2026-05
Lim Chee Guan,,any,5499,Convenience Store,medium,1,2026-05
llaollao,,any,5499,Convenience Store,medium,1,2026-05
Louisa Coffee,,any,5499,Convenience Store,medium,1,2026-05
Lpb Market,,any,5499,Convenience Store,medium,1,2026-05
Lushprotein,,online,5499,Convenience Store,medium,1,2026-05
Mealpal,,online,5499,Convenience Store,medium,1,2026-05
Meatmen,,any,5499,Convenience Store,medium,1,2026-05
Melaleuca,,online,5499,Convenience Store,medium,1,2026-05
Melrose Health,,any,5499,Convenience Store,medium,1,2026-05
Myprotein,,online,5499,Convenience Store,medium,1,2026-05
Nam Kee Pau,,any,5499,Convenience Store,medium,1,2026-05
Natures Farm,,any,5499,Convenience Store,medium,1,2026-05
Nespresso,,online,5499,Convenience Store,medium,1,2026-05
New World Health Brands Wellness,,any,5499,Convenience Store,medium,1,2026-05
New Zealand Fresh,,any,5499,Convenience Store,medium,1,2026-05
Paradox Singapore Merchant Court At Clarke Quay,,any,5499,Convenience Store,medium,1,2026-05
Perk Coffee,,any,5499,Convenience Store,medium,1,2026-05
Potato Corner,,any,5499,Convenience Store,medium,1,2026-05
Professional Supplement Center,,any,5499,Convenience Store,medium,1,2026-05
Providoor,,online,5499,Convenience Store,medium,1,2026-05
Pure Groceries,,any,5499,Convenience Store,medium,1,2026-05
Sharetea,,any,5499,Convenience Store,medium,1,2026-05
Shihlin Taiwan Street Snacks,,any,5499,Convenience Store,medium,1,2026-05
Singapore Home Cooks,,any,5499,Convenience Store,medium,1,2026-05
Sprout Organic,,any,5499,Convenience Store,medium,1,2026-05
Straits Wine Company,,any,5499,Convenience Store,medium,1,2026-05
Supplement Mart,,any,5499,Convenience Store,medium,1,2026-05
Sweetest Moments Pte Ltd,,any,5499,Convenience Store,medium,1,2026-05
T2 Tea,,any,5499,Convenience Store,medium,1,2026-05
Teaspec,,online,5499,Convenience Store,medium,1,2026-05
The 1872 Clipper Tea Co. (Online),,online,5499,Convenience Store,medium,1,2026-05
The Cocoa Trees,,any,5499,Convenience Store,medium,1,2026-05
The Community Coffe,,any,5499,Convenience Store,medium,1,2026-05
The Meat Club,,any,5499,Convenience Store,medium,1,2026-05
The Natural Transformer,,any,5499,Convenience Store,medium,1,2026-05
The Vitamin Shoppe,,any,5499,Convenience Store,medium,1,2026-05
The Whiskey Distillery,,any,5499,Convenience Store,medium,1,2026-05
Toggle,,any,5499,Convenience Store,medium,1,2026-05
Unovino,,online,5499,Convenience Store,medium,1,2026-05
Vitable,,online,5499,Convenience Store,medium,1,2026-05
Wheat,,any,5499,Convenience Store,medium,1,2026-05
Whyq,,online,5499,Convenience Store,medium,1,2026-05
Youfoodz,,online,5499,Convenience Store,medium,1,2026-05
Yummi House,,any,5499,Convenience Store,medium,1,2026-05
Ztp,,any,5499,Convenience Store,medium,1,2026-05
Aeon,,any,5311,Department Store / Online,medium,1,2026-05
Bed Bath & Beyond,,any,5311,Department Store / Online,medium,1,2026-05
Bhg,,any,5311,Department Store / Online,medium,1,2026-05
Boscov'S,,any,5311,Department Store / Online,medium,1,2026-05
Canningvale,,any,5311,Department Store / Online,medium,1,2026-05
Centralworld,,any,5311,Department Store / Online,medium,1,2026-05
Daiso,,any,5311,Department Store / Online,medium,1,2026-05
Delices Tarte (Links Umeda),,any,5311,Department Store / Online,medium,1,2026-05
Fraser Shopping Center,,any,5311,Department Store / Online,medium,1,2026-05
Great World,,any,5311,Department Store / Online,medium,1,2026-05
Harvey Nichols,,any,5311,Department Store / Online,medium,1,2026-05
Heymax.Ai,,online,5311,Department Store / Online,medium,1,2026-05
Isetan,,any,5311,Department Store / Online,medium,1,2026-05
Kanazawa Maimon Sushi Lucua Osaka Branch,,any,5311,Department Store / Online,medium,1,2026-05
Kohl'S,,any,5311,Department Store / Online,medium,1,2026-05
Little Caesar,,any,5311,Department Store / Online,medium,1,2026-05
Lovemere,,any,5311,Department Store / Online,medium,1,2026-05
Marks And Spencer,,any,5311,Department Store / Online,medium,1,2026-05
Max Now Pte Ltd,,any,5311,Department Store / Online,medium,1,2026-05
Metro,,any,5311,Department Store / Online,medium,1,2026-05
Mitsui outlet park Makuhari Mont Bell,,any,5311,Department Store / Online,medium,1,2026-05
Mustafa'S,,any,5311,Department Store / Online,medium,1,2026-05
My Kiddos,,any,5311,Department Store / Online,medium,1,2026-05
Myer,,any,5311,Department Store / Online,medium,1,2026-05
Narita Airport - ANA Duty Free (Terminal 1),,any,5311,Department Store / Online,medium,1,2026-05
Nordstrom,,any,5311,Department Store / Online,medium,1,2026-05
Offspring,,any,5311,Department Store / Online,medium,1,2026-05
Og,,any,5311,Department Store / Online,medium,1,2026-05
Pokemon Center (Hiroshima),,any,5311,Department Store / Online,medium,1,2026-05
Robinsons,,any,5311,Department Store / Online,medium,1,2026-05
Saks Fifth,,any,5311,Department Store / Online,medium,1,2026-05
Selfridges,,any,5311,Department Store / Online,medium,1,2026-05
Suntec City,,any,5311,Department Store / Online,medium,1,2026-05
Takashimaya,,any,5311,Department Store / Online,medium,1,2026-05
Tanglin Mall,,any,5311,Department Store / Online,medium,1,2026-05
Tangs,,any,5311,Department Store / Online,medium,1,2026-05
Taobao,,online,5311,Department Store / Online,medium,1,2026-05
Taobao (App),,online,5311,Department Store / Online,medium,1,2026-05
Temu,,online,5311,Department Store / Online,medium,1,2026-05
The Clementi Mall,,any,5311,Department Store / Online,medium,1,2026-05
The Seletar Mall,,any,5311,Department Store / Online,medium,1,2026-05
Tokyo gift paretto,,any,5311,Department Store / Online,medium,1,2026-05
Tokyu Hands,,any,5311,Department Store / Online,medium,1,2026-05
Tom & Stefanie,,any,5311,Department Store / Online,medium,1,2026-05
Tower Records Umeda Nu Chayamachi,,any,5311,Department Store / Online,medium,1,2026-05
Walmart Supercenter,,any,5311,Department Store / Online,medium,1,2026-05
Yue Hwa Chinese Products,,any,5311,Department Store / Online,medium,1,2026-05
1 Tyrwhitt Bistro Bar,,any,5812,Dining,medium,1,2026-05
1-Altitude Coast,,any,5812,Dining,medium,1,2026-05
1-Atico,,any,5812,Dining,medium,1,2026-05
123 Zo Viet Bbq N Hotpot,,any,5812,Dining,medium,1,2026-05
13% Wine Bistro (Telok Ayer),,any,5812,Dining,medium,1,2026-05
15 Stamford (The Capitol Kempinski Hotel Singapore),,any,5812,Dining,medium,1,2026-05
15 Stamford By Alvin Leung,,any,5812,Dining,medium,1,2026-05
1918 Heritage Bar,,any,5812,Dining,medium,1,2026-05
21Plus,,any,5812,Dining,medium,1,2026-05
"25 Degrees Burger, Wine & Liquor Bar",,any,5812,Dining,medium,1,2026-05
27 Mezze Bar & Grill,,any,5812,Dining,medium,1,2026-05
2Am: Dessertbar,,any,5812,Dining,medium,1,2026-05
3 Meals A Day,,any,5812,Dining,medium,1,2026-05
49 Seats,,any,5812,Dining,medium,1,2026-05
5 Senses Bistro (The Star Vista),,any,5812,Dining,medium,1,2026-05
566 Seafood & Beer Garden At Mandai Hill,,any,5812,Dining,medium,1,2026-05
59 Hutong Yakiniku,,any,5812,Dining,medium,1,2026-05
6Ix 6Ix 六六,,any,5812,Dining,medium,1,2026-05
8 Degrees Taiwanese Bistro,,any,5812,Dining,medium,1,2026-05
8 Korean Bbq (The Central),,any,5812,Dining,medium,1,2026-05
808 Eating House,,any,5812,Dining,medium,1,2026-05
88 Seafood,,any,5812,Dining,medium,1,2026-05
98 Bistro,,any,5812,Dining,medium,1,2026-05
9S Seafood,,any,5812,Dining,medium,1,2026-05
A Kitchen 友间厨房 (Jurong East),,any,5812,Dining,medium,1,2026-05
A&A Cafe & Bistro,,any,5812,Dining,medium,1,2026-05
A-Poh Kitchen,,any,5812,Dining,medium,1,2026-05
Aapon,,any,5812,Dining,medium,1,2026-05
Aburi-En,,any,5812,Dining,medium,1,2026-05
Aburi-En (Causeway Point),,any,5812,Dining,medium,1,2026-05
Aburi-En (Changi City Point),,any,5812,Dining,medium,1,2026-05
Aburi-En (Jem),,any,5812,Dining,medium,1,2026-05
Aburi-En (Jewel Changi Airport),,any,5812,Dining,medium,1,2026-05
Aburi-En (Nex),,any,5812,Dining,medium,1,2026-05
Aburi-En (Suntec City),,any,5812,Dining,medium,1,2026-05
Aburi-En (Vivo City),,any,5812,Dining,medium,1,2026-05
Aburiya (Robertson Quay) Japanese Wagyu Yakiniku,,any,5812,Dining,medium,1,2026-05
Aburiya Japanese Wagyu Yakiniku (Tanjong Pagar),,any,5812,Dining,medium,1,2026-05
Abv@Southbridge,,any,5812,Dining,medium,1,2026-05
Ac.Kafe,,any,5812,Dining,medium,1,2026-05
Aceituna Mexicana,,any,5812,Dining,medium,1,2026-05
Acqua E Farina (Keong Saik),,any,5812,Dining,medium,1,2026-05
Acqua E Farina (Rail Mall),,any,5812,Dining,medium,1,2026-05
Addictude,,any,5812,Dining,medium,1,2026-05
Aether House,,any,5812,Dining,medium,1,2026-05
Afuri,,any,5812,Dining,medium,1,2026-05
Ajisen Shokudo,,any,5812,Dining,medium,1,2026-05
Akami,,any,5812,Dining,medium,1,2026-05
Akanoya Robatayaki,,any,5812,Dining,medium,1,2026-05
Akimitsu,,any,5812,Dining,medium,1,2026-05
Akira Back (Jw Marriott Singapore South Beach),,any,5812,Dining,medium,1,2026-05
Al Borgo Italian Restaurant,,any,5812,Dining,medium,1,2026-05
Al Capone'S Ristorante & Bar,,any,5812,Dining,medium,1,2026-05
Alati Divine Greek Cuisine,,any,5812,Dining,medium,1,2026-05
Alaturka Turkish & Mediterranean Restaurant,,any,5812,Dining,medium,1,2026-05
Alegria,,any,5812,Dining,medium,1,2026-05
Alegria Singapore,,any,5812,Dining,medium,1,2026-05
Alice Boulangerie & Restaurant,,any,5812,Dining,medium,1,2026-05
Alijiang Silk Road Cuisine,,any,5812,Dining,medium,1,2026-05
Alijiang 阿里疆,,any,5812,Dining,medium,1,2026-05
Alkove Bistro,,any,5812,Dining,medium,1,2026-05
All Surf No Turf,,any,5812,Dining,medium,1,2026-05
All The Batter - Avocado Foods At Great World,,any,5812,Dining,medium,1,2026-05
Alley On 25,,any,5812,Dining,medium,1,2026-05
Allora Ristorante & Bar,,any,5812,Dining,medium,1,2026-05
Alma By Juan Amador,,any,5812,Dining,medium,1,2026-05
Alter Ego,,any,5812,Dining,medium,1,2026-05
Altro Zafferano,,any,5812,Dining,medium,1,2026-05
Amber West,,any,5812,Dining,medium,1,2026-05
Ambush - J8,,any,5812,Dining,medium,1,2026-05
Ambush-Pan European Dining (Junction 8),,any,5812,Dining,medium,1,2026-05
Amgd,,any,5812,Dining,medium,1,2026-05
An Viet,,any,5812,Dining,medium,1,2026-05
Anatolia Restaurant Sg,,any,5812,Dining,medium,1,2026-05
Andersen'S Of Denmark,,any,5812,Dining,medium,1,2026-05
Anglo Indian Cafe & Bar,,any,5812,Dining,medium,1,2026-05
Anglo Indian Cafe & Bar (Chijmes),,any,5812,Dining,medium,1,2026-05
Anglo Indian Cafe & Bar (Marina One),,any,5812,Dining,medium,1,2026-05
Anglo Indian Cafe & Bar (Shenton Way),,any,5812,Dining,medium,1,2026-05
Angus House,,any,5812,Dining,medium,1,2026-05
Anouska’S,,any,5812,Dining,medium,1,2026-05
Anteroom,,any,5812,Dining,medium,1,2026-05
Anyi Noodles,,any,5812,Dining,medium,1,2026-05
Aone Claypot House,,any,5812,Dining,medium,1,2026-05
Apartment Coffee,,any,5812,Dining,medium,1,2026-05
Aphrodite Waffles & Gelato,,any,5812,Dining,medium,1,2026-05
Apiary,,any,5812,Dining,medium,1,2026-05
Apricus Coffee & Food Co.,,any,5812,Dining,medium,1,2026-05
Apéro,,any,5812,Dining,medium,1,2026-05
Arab Street Turkish & Western Restaurant,,any,5812,Dining,medium,1,2026-05
Arbenz (Swiss Club),,any,5812,Dining,medium,1,2026-05
Arbora (Mount Faber Peak),,any,5812,Dining,medium,1,2026-05
Aroma,,any,5812,Dining,medium,1,2026-05
Art Di Daniele Sperindio,,any,5812,Dining,medium,1,2026-05
Artea,,any,5812,Dining,medium,1,2026-05
Arteastiq,,any,5812,Dining,medium,1,2026-05
Artemis Grill,,any,5812,Dining,medium,1,2026-05
Artichoke,,any,5812,Dining,medium,1,2026-05
Artisan Boulangerie Co.,,any,5812,Dining,medium,1,2026-05
Arzábal Reina Sofia Museum,,any,5812,Dining,medium,1,2026-05
Arzábal Retiro - Restaurante Retiro Madrid,,any,5812,Dining,medium,1,2026-05
Ascott Raffles Place,,any,5812,Dining,medium,1,2026-05
Ashino,,any,5812,Dining,medium,1,2026-05
Asian Market Cafe,,any,5812,Dining,medium,1,2026-05
Asian Twist By 365 Food,,any,5812,Dining,medium,1,2026-05
Aston'S Specialties,,any,5812,Dining,medium,1,2026-05
Asusual Pte Ltd,,any,5812,Dining,medium,1,2026-05
Atelier Lounge & Bar,,any,5812,Dining,medium,1,2026-05
Atico Lounge,,any,5812,Dining,medium,1,2026-05
Atlas Bar,,any,5812,Dining,medium,1,2026-05
Atrium,,any,5812,Dining,medium,1,2026-05
Atrium Bar 317,,any,5812,Dining,medium,1,2026-05
Au Balcon At The Garage,,any,5812,Dining,medium,1,2026-05
Aura Loft,,any,5812,Dining,medium,1,2026-05
Avana Retreat in Mai Chau Vietnam,,any,5812,Dining,medium,1,2026-05
Awfully Chocolate Bakery & Cafe,,any,5812,Dining,medium,1,2026-05
Awfully Chocolate Experience,,any,5812,Dining,medium,1,2026-05
Ayam Penyet President,,any,5812,Dining,medium,1,2026-05
Ayasofya Llp,,any,5812,Dining,medium,1,2026-05
Ayumu Singapore,,any,5812,Dining,medium,1,2026-05
B.E.D,,any,5812,Dining,medium,1,2026-05
Baba Chews Bar And Eatery,,any,5812,Dining,medium,1,2026-05
Babachews Bar Eatery,,any,5812,Dining,medium,1,2026-05
Bacaro,,any,5812,Dining,medium,1,2026-05
Bacatá,,any,5812,Dining,medium,1,2026-05
Bacha Coffee,,any,5812,Dining,medium,1,2026-05
Backdoor Bodega,,any,5812,Dining,medium,1,2026-05
Baden Restaurant & Pub,,any,5812,Dining,medium,1,2026-05
Bagus (Card Topup),,any,5812,Dining,medium,1,2026-05
Bahaus By Cdc,,any,5812,Dining,medium,1,2026-05
Bakalaki Greek Taverna,,any,5812,Dining,medium,1,2026-05
Baker & Cook,,any,5812,Dining,medium,1,2026-05
Baker & The Brew,,any,5812,Dining,medium,1,2026-05
Baker'S Brew @ Paragon,,any,5812,Dining,medium,1,2026-05
Bali Thai,,any,5812,Dining,medium,1,2026-05
Bali Thai (Causeway Point),,any,5812,Dining,medium,1,2026-05
Bali Thai (Imm),,any,5812,Dining,medium,1,2026-05
Bali Thai (Nex),,any,5812,Dining,medium,1,2026-05
Bali Thai (Ngee Ann City),,any,5812,Dining,medium,1,2026-05
Bali Thai (Suntec City),,any,5812,Dining,medium,1,2026-05
Bangkok Jam,,any,5812,Dining,medium,1,2026-05
Bar Bar Black Sheep,,any,5812,Dining,medium,1,2026-05
Bar-Roque Grill,,any,5812,Dining,medium,1,2026-05
Barista,,any,5812,Dining,medium,1,2026-05
Barrio,,any,5812,Dining,medium,1,2026-05
Barrio By Mex Out,,any,5812,Dining,medium,1,2026-05
Barrio Caliente,,any,5812,Dining,medium,1,2026-05
Basilico,,any,5812,Dining,medium,1,2026-05
Baskin Robbins,,any,5812,Dining,medium,1,2026-05
Bbq Friend,,any,5812,Dining,medium,1,2026-05
Bbq Seoul Shokudo,,any,5812,Dining,medium,1,2026-05
Bbq Tori Shokudo,,any,5812,Dining,medium,1,2026-05
Beach Road Kitchen (Jw Marriott Singapore South Beach),,any,5812,Dining,medium,1,2026-05
Beacon Restaurant And Bar,,any,5812,Dining,medium,1,2026-05
Bearded Bella,,any,5812,Dining,medium,1,2026-05
Beauty In The Pot,,any,5812,Dining,medium,1,2026-05
Bedrock,,any,5812,Dining,medium,1,2026-05
Bedrock Bar & Grill,,any,5812,Dining,medium,1,2026-05
Bedrock Origin,,any,5812,Dining,medium,1,2026-05
Bee Cheng Hiang Grillery,,any,5812,Dining,medium,1,2026-05
Bee'S Knees,,any,5812,Dining,medium,1,2026-05
Beirut Grill,,any,5812,Dining,medium,1,2026-05
Bella Pasta,,any,5812,Dining,medium,1,2026-05
Bella Pizza,,any,5812,Dining,medium,1,2026-05
Belo Cafe,,any,5812,Dining,medium,1,2026-05
Ben & Jerry'S,,any,5812,Dining,medium,1,2026-05
Beng Hiang Restaurant,,any,5812,Dining,medium,1,2026-05
Beppu Menkan Restaurant,,any,5812,Dining,medium,1,2026-05
Beppu Menkan Restaurant(S) Pte Ltd,,any,5812,Dining,medium,1,2026-05
Berlin65,,any,5812,Dining,medium,1,2026-05
Bernie'S Restaurant,,any,5812,Dining,medium,1,2026-05
Beurre@23,,any,5812,Dining,medium,1,2026-05
Beyond Pancakes,,any,5812,Dining,medium,1,2026-05
Binary,,online,5812,Dining,medium,1,2026-05
Binomio,,any,5812,Dining,medium,1,2026-05
Birdcafe,,any,5812,Dining,medium,1,2026-05
Birds Of A Feather,,any,5812,Dining,medium,1,2026-05
Birds Of Paradise,,any,5812,Dining,medium,1,2026-05
Bisous & Luso,,any,5812,Dining,medium,1,2026-05
Bistro Du Vin,,any,5812,Dining,medium,1,2026-05
Bistro G,,any,5812,Dining,medium,1,2026-05
Bjr - Godaime @ Ctr Pt,,any,5812,Dining,medium,1,2026-05
Black &Amp; White,,any,5812,Dining,medium,1,2026-05
Black Fairy,,any,5812,Dining,medium,1,2026-05
Black Pepper Multicuisine Restaurant Singapore,,any,5812,Dining,medium,1,2026-05
Bleu (Keppel Bay),,any,5812,Dining,medium,1,2026-05
Blu Kouzina (Dempsey),,any,5812,Dining,medium,1,2026-05
Blu Kouzina (Sentosa),,any,5812,Dining,medium,1,2026-05
Blu Kouzina (Siglap),,any,5812,Dining,medium,1,2026-05
Blue Lotus Chinese Eating House,,any,5812,Dining,medium,1,2026-05
Bluestone Lane Collective Café,,any,5812,Dining,medium,1,2026-05
Boaters' Bar,,any,5812,Dining,medium,1,2026-05
Bochinche,,any,5812,Dining,medium,1,2026-05
Bochinche (Club Street),,any,5812,Dining,medium,1,2026-05
Bodacious,,any,5812,Dining,medium,1,2026-05
Boeuf Singapore,,any,5812,Dining,medium,1,2026-05
Bombay Brasserie,,any,5812,Dining,medium,1,2026-05
Bombay Garden,,any,5812,Dining,medium,1,2026-05
Bonchon,,any,5812,Dining,medium,1,2026-05
Bones 'N Barrels (Sentosa),,any,5812,Dining,medium,1,2026-05
Bones 'N Barrels Far East Plaza,,any,5812,Dining,medium,1,2026-05
Boon Tong Kee,,any,5812,Dining,medium,1,2026-05
Bornga,,any,5812,Dining,medium,1,2026-05
Bornga (Vivocity),,any,5812,Dining,medium,1,2026-05
Botan Japanese Restaurant,,any,5812,Dining,medium,1,2026-05
Botania,,online,5812,Dining,medium,1,2026-05
Botanico,,any,5812,Dining,medium,1,2026-05
Botanico At The Summerhouse,,any,5812,Dining,medium,1,2026-05
Bottega Di Carna,,any,5812,Dining,medium,1,2026-05
Boulangerie Asanoya,,any,5812,Dining,medium,1,2026-05
Boulevard Asia Square (Asq),,any,5812,Dining,medium,1,2026-05
Box N Sticks,,any,5812,Dining,medium,1,2026-05
Brasserie Le Steak,,any,5812,Dining,medium,1,2026-05
Brauhaus Restaurant & Pub,,any,5812,Dining,medium,1,2026-05
Bread Beer & Brez'N (Killiney Road),,any,5812,Dining,medium,1,2026-05
Bread Beer & Brez’N (Phoenix Park),,any,5812,Dining,medium,1,2026-05
Bread Yard,,any,5812,Dining,medium,1,2026-05
Breakfast Grill,,any,5812,Dining,medium,1,2026-05
Brewerkz East Coast Park,,any,5812,Dining,medium,1,2026-05
Brewerkz Woodleigh Mall,,any,5812,Dining,medium,1,2026-05
Brooklyn Bar Sg,,any,5812,Dining,medium,1,2026-05
Brotzeit (Raffles City Shopping Centre),,any,5812,Dining,medium,1,2026-05
Brotzeit Katong,,any,5812,Dining,medium,1,2026-05
Brotzeit Vivocity,,any,5812,Dining,medium,1,2026-05
Brotzeit Westgate,,any,5812,Dining,medium,1,2026-05
Brunches Cafe,,any,5812,Dining,medium,1,2026-05
Buddy Hoagies,,any,5812,Dining,medium,1,2026-05
Buko Nero,,any,5812,Dining,medium,1,2026-05
Bulgogi Syo (Suntec City),,any,5812,Dining,medium,1,2026-05
Bulgogi Syo (Vivocity),,any,5812,Dining,medium,1,2026-05
Burger & Lobster Jewel Changi Airport,,any,5812,Dining,medium,1,2026-05
Burma Social,,any,5812,Dining,medium,1,2026-05
Burp Bar &Amp; Kitchen,,any,5812,Dining,medium,1,2026-05
Burrata Joy & Gustavo Lapasta Bukit Timah,,any,5812,Dining,medium,1,2026-05
Burrata Joy & Gustavo Lapasta Katong,,any,5812,Dining,medium,1,2026-05
Bushido,,any,5812,Dining,medium,1,2026-05
Butado,,any,5812,Dining,medium,1,2026-05
Butcher'S Block (Raffles Hotel),,any,5812,Dining,medium,1,2026-05
Butter Space,,any,5812,Dining,medium,1,2026-05
Buzzed Coffee Bar,,any,5812,Dining,medium,1,2026-05
Byblos Turkish & Lebanese Cuisine,,any,5812,Dining,medium,1,2026-05
Cafe Corona 2000 Express Inc,,any,5812,Dining,medium,1,2026-05
Cafe De Paris,,any,5812,Dining,medium,1,2026-05
Cafe Galilee,,any,5812,Dining,medium,1,2026-05
Cafe Mosaic,,any,5812,Dining,medium,1,2026-05
Cafe Natsu,,any,5812,Dining,medium,1,2026-05
Cafe Oriental,,any,5812,Dining,medium,1,2026-05
Caffe Bene,,any,5812,Dining,medium,1,2026-05
Caffè Nero,,any,5812,Dining,medium,1,2026-05
Café Iguana (Orchard Rendezvous Hotel),,any,5812,Dining,medium,1,2026-05
Café Iguana @ Riverside Point,,any,5812,Dining,medium,1,2026-05
Cake Spade,,any,5812,Dining,medium,1,2026-05
Cali,,any,5812,Dining,medium,1,2026-05
Cali - Park Avenue Changi Hotel,,any,5812,Dining,medium,1,2026-05
Cali - Park Avenue Rochester,,any,5812,Dining,medium,1,2026-05
Camille,,any,5812,Dining,medium,1,2026-05
Canchita Peruvian Restaurant,,any,5812,Dining,medium,1,2026-05
Canopy,,any,5812,Dining,medium,1,2026-05
Canton Paradise,,any,5812,Dining,medium,1,2026-05
Capasso,,any,5812,Dining,medium,1,2026-05
Capitol (Bistro. Bar. Patisserie),,any,5812,Dining,medium,1,2026-05
Capitol Cigar & Whisky Lounge,,any,5812,Dining,medium,1,2026-05
Capitol Kempinski,,any,5812,Dining,medium,1,2026-05
Cappadocia Turkish Restaurant,,any,5812,Dining,medium,1,2026-05
Carnaby,,any,5812,Dining,medium,1,2026-05
Carnivore Brazilian Churrascaria,,any,5812,Dining,medium,1,2026-05
Caruso Ristorante,,any,5812,Dining,medium,1,2026-05
Casa Brazilia,,any,5812,Dining,medium,1,2026-05
Casa Pietrasanta,,any,5812,Dining,medium,1,2026-05
Cava,,any,5812,Dining,medium,1,2026-05
Cedar Grill,,any,5812,Dining,medium,1,2026-05
Cedele,,any,5812,Dining,medium,1,2026-05
Cedric Grolet,,any,5812,Dining,medium,1,2026-05
Central Hong Kong Cafe,,any,5812,Dining,medium,1,2026-05
Cenzo,,any,5812,Dining,medium,1,2026-05
Chabuton Ramen,,any,5812,Dining,medium,1,2026-05
Chaleur,,any,5812,Dining,medium,1,2026-05
Chang Korean Bbq,,any,5812,Dining,medium,1,2026-05
Chao Ting Teochew Pao Fan,,any,5812,Dining,medium,1,2026-05
Chapter 1 Wine Bar &Amp; Restaurant,,any,5812,Dining,medium,1,2026-05
Chapter 3 By Armenor,,any,5812,Dining,medium,1,2026-05
Chapters By Drinks&Co,,any,5812,Dining,medium,1,2026-05
Charcoal Grill And Bar By Kurry Korner,,any,5812,Dining,medium,1,2026-05
Charlie'S Restaurant & Bar,,any,5812,Dining,medium,1,2026-05
Chat Masala,,any,5812,Dining,medium,1,2026-05
Chatterbox,,any,5812,Dining,medium,1,2026-05
Chatterbox Pleasantville,,any,5812,Dining,medium,1,2026-05
Chef'S Table,,any,5812,Dining,medium,1,2026-05
Chef'S Table By Chef Stephan,,any,5812,Dining,medium,1,2026-05
Chengdu Bowl Flagship Store,,any,5812,Dining,medium,1,2026-05
Chengdu 成都,,any,5812,Dining,medium,1,2026-05
Chens Mapo Tofu,,any,5812,Dining,medium,1,2026-05
Cherki,,any,5812,Dining,medium,1,2026-05
Cherry Garden,,any,5812,Dining,medium,1,2026-05
Cheval Cafe | Bar | Bistro (Kranji),,any,5812,Dining,medium,1,2026-05
Chez Suzette,,any,5812,Dining,medium,1,2026-05
Chez West,,any,5812,Dining,medium,1,2026-05
Chilli Padi Tok Panjang (Heng Mui Keng Terrace),,any,5812,Dining,medium,1,2026-05
Chilli Up Hunan Cuisine 天天湘上,,any,5812,Dining,medium,1,2026-05
Chin Huat,,any,5812,Dining,medium,1,2026-05
Chin Huat Live Seafood 鎮發活海鮮,,any,5812,Dining,medium,1,2026-05
Chin Lee Restaurant,,any,5812,Dining,medium,1,2026-05
Chinatown Seafood Restaurant,,any,5812,Dining,medium,1,2026-05
Chingu @ The Oval,,any,5812,Dining,medium,1,2026-05
Chipoba,,any,5812,Dining,medium,1,2026-05
Chir Chir,,any,5812,Dining,medium,1,2026-05
Chliv (Jiufen),,any,5812,Dining,medium,1,2026-05
Chocobar,,any,5812,Dining,medium,1,2026-05
Chocoelf Specialty Chocolate Cafe (South Bridge Rd),,any,5812,Dining,medium,1,2026-05
Chong Qing Grilled Fish (Bugis),,any,5812,Dining,medium,1,2026-05
Chope,,any,5812,Dining,medium,1,2026-05
Chopstix &Amp; Rice -Orchard,,any,5812,Dining,medium,1,2026-05
Choupinette,,any,5812,Dining,medium,1,2026-05
Chulove Cafe,,any,5812,Dining,medium,1,2026-05
Chura Sushi Bar,,any,5812,Dining,medium,1,2026-05
Chye Seng Huat Hardware,,any,5812,Dining,medium,1,2026-05
Cia Sg Dining,,any,5812,Dining,medium,1,2026-05
City Hot Pot,,any,5812,Dining,medium,1,2026-05
Claudine Restaurant,,any,5812,Dining,medium,1,2026-05
Clospasoh,,any,5812,Dining,medium,1,2026-05
Clove,,any,5812,Dining,medium,1,2026-05
Coastal Acoustic,,any,5812,Dining,medium,1,2026-05
Coca,,any,5812,Dining,medium,1,2026-05
Coca At Kallang Leisure Park,,any,5812,Dining,medium,1,2026-05
Coca At Suntec,,any,5812,Dining,medium,1,2026-05
Coca At Takashimaya,,any,5812,Dining,medium,1,2026-05
Coca Restaurants,,any,5812,Dining,medium,1,2026-05
Coco Ichibanya,,any,5812,Dining,medium,1,2026-05
Coexist Coffee Co.,,any,5812,Dining,medium,1,2026-05
Coexist Coffee Co. (Hillview),,any,5812,Dining,medium,1,2026-05
Coexist Coffee Co. (Lifelong Learning Institute),,any,5812,Dining,medium,1,2026-05
Coffee Club,,any,5812,Dining,medium,1,2026-05
Cold Stone Creamery,,any,5812,Dining,medium,1,2026-05
Collin'S Grille,,any,5812,Dining,medium,1,2026-05
Colony (The Ritz-Carlton - Millenia Singapore),,any,5812,Dining,medium,1,2026-05
Comida Mexicana,,any,5812,Dining,medium,1,2026-05
Common Man Coffee Roasters,,any,5812,Dining,medium,1,2026-05
Common Man Coffee Roasters (Anchor Point),,any,5812,Dining,medium,1,2026-05
Common Man Coffee Roasters (Joo Chiat),,any,5812,Dining,medium,1,2026-05
Common Man Coffee Roasters (Sentosa),,any,5812,Dining,medium,1,2026-05
Como Cuisine At Como Orchard,,any,5812,Dining,medium,1,2026-05
Connections Lounge,,any,5812,Dining,medium,1,2026-05
Conrad Osaka,,any,5812,Dining,medium,1,2026-05
Copper Chimney (Syed Alwi),,any,5812,Dining,medium,1,2026-05
Coriander Leaf (Singapore Polo Club),,any,5812,Dining,medium,1,2026-05
Coriander Leaf @ Chijmes,,any,5812,Dining,medium,1,2026-05
Cosmo Restaurant @ Dorsett Changi City Singapore,,any,5812,Dining,medium,1,2026-05
Costa Coffee,,any,5812,Dining,medium,1,2026-05
Cote Korean Steakhouse,,any,5812,Dining,medium,1,2026-05
Cottage By The Straits People Cafe (Tsp Coffee),,any,5812,Dining,medium,1,2026-05
Cottontail Creamery,,any,5812,Dining,medium,1,2026-05
Coucou (Swiss Restaurant),,any,5812,Dining,medium,1,2026-05
Coucou Hotpot.Brew Tea (I12 Katong),,any,5812,Dining,medium,1,2026-05
Coucou Hotpot.Brew Tea (Jewel Changi Airport),,any,5812,Dining,medium,1,2026-05
Coucou Hotpot.Brew Tea (Suntec City),,any,5812,Dining,medium,1,2026-05
Cps*Routine,,any,5812,Dining,medium,1,2026-05
Crab Wang Imperial Dining,,any,5812,Dining,medium,1,2026-05
Creamier,,any,5812,Dining,medium,1,2026-05
Crossings Cafe,,any,5812,Dining,medium,1,2026-05
Crossroads Buffet,,any,5812,Dining,medium,1,2026-05
Crossroads Cafe----,,any,5812,Dining,medium,1,2026-05
Crowne Plaza Changi Airport,,any,5812,Dining,medium,1,2026-05
Crystal Jade,,any,5812,Dining,medium,1,2026-05
Crystal Jade at Changi Airport T1,,any,5812,Dining,medium,1,2026-05
Cuba Libre Cafe & Bar (Clarke Quay),,any,5812,Dining,medium,1,2026-05
Cultivate Cafe,,any,5812,Dining,medium,1,2026-05
Culture Spoon,,any,5812,Dining,medium,1,2026-05
Cure,,any,5812,Dining,medium,1,2026-05
Cut By Wolfgang Puck (Singapore),,any,5812,Dining,medium,1,2026-05
Da Paolo Dempsey Restaurant & Bar,,any,5812,Dining,medium,1,2026-05
Da Paolo Gastronomia - Great World,,any,5812,Dining,medium,1,2026-05
Da Paolo Gastronomia - Holland Village,,any,5812,Dining,medium,1,2026-05
Da Paolo Gastronomia - Raffles City,,any,5812,Dining,medium,1,2026-05
Da Paolo Gastronomia - Vivocity,,any,5812,Dining,medium,1,2026-05
Dabbawalla,,any,5812,Dining,medium,1,2026-05
Daehwa Vegetarian Restaurant,,any,5812,Dining,medium,1,2026-05
Dal.Komm Coffee,,any,5812,Dining,medium,1,2026-05
Dallas Restaurant & Bar (Boat Quay),,any,5812,Dining,medium,1,2026-05
Dancing Crab,,any,5812,Dining,medium,1,2026-05
Dancing Crab (Northshore Plaza 2),,any,5812,Dining,medium,1,2026-05
Dancing Crab (Orchard Central),,any,5812,Dining,medium,1,2026-05
Dancing Crab (Vivocity),,any,5812,Dining,medium,1,2026-05
Dapur Penyet (Funan),,any,5812,Dining,medium,1,2026-05
Daya Izakaya,,any,5812,Dining,medium,1,2026-05
Db Bistro,,any,5812,Dining,medium,1,2026-05
Decker Barbeque,,any,5812,Dining,medium,1,2026-05
Deli Belly,,any,5812,Dining,medium,1,2026-05
Deliverychinatown Pte Ltd,,any,5812,Dining,medium,1,2026-05
Den Ajisen,,any,5812,Dining,medium,1,2026-05
Denzy Gelato,,any,5812,Dining,medium,1,2026-05
Der Biergarten,,any,5812,Dining,medium,1,2026-05
Di Wei Teochew Restaurant,,any,5812,Dining,medium,1,2026-05
Diamond Kitchen,,any,5812,Dining,medium,1,2026-05
Dian Xiao Er,,any,5812,Dining,medium,1,2026-05
Dickey'S Barbecue Pit,,any,5812,Dining,medium,1,2026-05
Dillydeli,,any,5812,Dining,medium,1,2026-05
Dimbulah Coffee,,any,5812,Dining,medium,1,2026-05
Din Tai Fung,,any,5812,Dining,medium,1,2026-05
Dirty Supper,,any,5812,Dining,medium,1,2026-05
Dome Cafe,,any,5812,Dining,medium,1,2026-05
Dong Bei,,any,5812,Dining,medium,1,2026-05
Dopo Teatro,,any,5812,Dining,medium,1,2026-05
DOSE Coffee,,any,5812,Dining,medium,1,2026-05
Dosukoi X Donpachi Japanese Izakaya Dining & Sake Bar,,any,5812,Dining,medium,1,2026-05
Dou Hua Restaurant Pl,,any,5812,Dining,medium,1,2026-05
Douraku Sushi,,any,5812,Dining,medium,1,2026-05
Douraku Sushi (Gardens By The Bay),,any,5812,Dining,medium,1,2026-05
Drinks&Co. Grill&Cocktails,,any,5812,Dining,medium,1,2026-05
Duckland,,any,5812,Dining,medium,1,2026-05
Dulcet & Studio @ Connection One,,any,5812,Dining,medium,1,2026-05
Duomo Ristorante,,any,5812,Dining,medium,1,2026-05
Dusit Gourmet,,any,5812,Dining,medium,1,2026-05
Dusk @ Mount Faber Peak,,any,5812,Dining,medium,1,2026-05
Earle Swensen'S,,any,5812,Dining,medium,1,2026-05
East Ocean Teochew Restaurant,,any,5812,Dining,medium,1,2026-05
Eat Offbeat,,any,5812,Dining,medium,1,2026-05
Eatzi Gourmet Bistro (Safra Yishun),,any,5812,Dining,medium,1,2026-05
Eclipse By Bdc,,any,5812,Dining,medium,1,2026-05
Eden Restaurant,,any,5812,Dining,medium,1,2026-05
Edo Shokudo,,any,5812,Dining,medium,1,2026-05
El Chido,,any,5812,Dining,medium,1,2026-05
Elemen,,any,5812,Dining,medium,1,2026-05
Elemen (Harbourfront Centre),,any,5812,Dining,medium,1,2026-05
Elemen (Plq Mall),,any,5812,Dining,medium,1,2026-05
Elemen (Woodlands Height),,any,5812,Dining,medium,1,2026-05
Element Restaurant Amara Singapore,,any,5812,Dining,medium,1,2026-05
Eleven Strands,,any,5812,Dining,medium,1,2026-05
Ellenborough Market Cafe,,any,5812,Dining,medium,1,2026-05
Embu,,any,5812,Dining,medium,1,2026-05
Empire Hotpot & Cantonese Cuisine,,any,5812,Dining,medium,1,2026-05
Employees Only Singapore,,any,5812,Dining,medium,1,2026-05
Empress,,any,5812,Dining,medium,1,2026-05
Empress @ Acm,,any,5812,Dining,medium,1,2026-05
En Dining,,any,5812,Dining,medium,1,2026-05
En Sushi,,any,5812,Dining,medium,1,2026-05
Enchanko Hotpot & Kamameshi,,any,5812,Dining,medium,1,2026-05
Esarn Thai,,any,5812,Dining,medium,1,2026-05
Escape Restaurant,,any,5812,Dining,medium,1,2026-05
Escape Restaurant @ One Farrer Hotel,,any,5812,Dining,medium,1,2026-05
Esquina,,any,5812,Dining,medium,1,2026-05
Esquinita By Konyo,,any,5812,Dining,medium,1,2026-05
Etna Italian Restaurant (Duxton),,any,5812,Dining,medium,1,2026-05
Etna Italian Restaurant (Upp East Coast),,any,5812,Dining,medium,1,2026-05
Exciseman Wine & Whisky Bar,,any,5812,Dining,medium,1,2026-05
Express Cafe & Bar @ Holiday Inn Express & Suites Singapore Novena,,any,5812,Dining,medium,1,2026-05
Fabulous Baker Boy,,any,5812,Dining,medium,1,2026-05
Famous Kitchen,,any,5812,Dining,medium,1,2026-05
Famous Palace,,any,5812,Dining,medium,1,2026-05
Famous Treasure,,any,5812,Dining,medium,1,2026-05
Fang Patisserie,,any,5812,Dining,medium,1,2026-05
Fangko + Coffee And Beer,,any,5812,Dining,medium,1,2026-05
Fanático,,any,5812,Dining,medium,1,2026-05
Farrer Horse,,any,5812,Dining,medium,1,2026-05
Farttartz,,any,5812,Dining,medium,1,2026-05
Fat Bird (Bugis),,any,5812,Dining,medium,1,2026-05
Fat Cow,,any,5812,Dining,medium,1,2026-05
Fat Papas Burger & Shakes,,any,5812,Dining,medium,1,2026-05
Fatboys The Burger Bar,,any,5812,Dining,medium,1,2026-05
Fatburger,,any,5812,Dining,medium,1,2026-05
Fbg - Fat Belly,,any,5812,Dining,medium,1,2026-05
Feng Shui Inn,,any,5812,Dining,medium,1,2026-05
Fi Woodfire Thai (Robertson Quay),,any,5812,Dining,medium,1,2026-05
Fiftyfive Coffee Bar,,any,5812,Dining,medium,1,2026-05
Filo Bistro,,any,5812,Dining,medium,1,2026-05
Firangi Superstar,,any,5812,Dining,medium,1,2026-05
Fire At 1-Atico,,any,5812,Dining,medium,1,2026-05
Fire Ramen,,any,5812,Dining,medium,0,2026-05
Fireplace By Bedrock,,any,5812,Dining,medium,1,2026-05
First Culinary Rstnt@Kaki,,any,5812,Dining,medium,1,2026-05
Fish & Co,,any,5812,Dining,medium,1,2026-05
Fish Pool,,any,5812,Dining,medium,1,2026-05
Five Oars Coffee Roasters,,any,5812,Dining,medium,1,2026-05
Fleur De Sel Le Restaurant,,any,5812,Dining,medium,1,2026-05
Flnt At 1-Atico,,any,5812,Dining,medium,1,2026-05
Flower Pig 360,,any,5812,Dining,medium,1,2026-05
Flutes Restaurant,,any,5812,Dining,medium,1,2026-05
Flutes Restaurant And Bar,,any,5812,Dining,medium,1,2026-05
Fly By Shaker Lakers,,any,5812,Dining,medium,1,2026-05
Foc By The Beach,,any,5812,Dining,medium,1,2026-05
Foc Restaurant,,any,5812,Dining,medium,1,2026-05
Folks Collective,,any,5812,Dining,medium,1,2026-05
Folks Collective - The Vintage Shophouse (Cross Street),,any,5812,Dining,medium,1,2026-05
Food Exchange,,any,5812,Dining,medium,1,2026-05
Food Republic,,any,5812,Dining,medium,1,2026-05
Foodline-Ec,,online,5812,Dining,medium,1,2026-05
Fook Kin,,any,5812,Dining,medium,1,2026-05
Fool,,any,5812,Dining,medium,1,2026-05
Foresta Restaurant & Bar,,any,5812,Dining,medium,1,2026-05
Fortune Court,,any,5812,Dining,medium,1,2026-05
Fortune Court 天富阁,,any,5812,Dining,medium,1,2026-05
Fourgather,,any,5812,Dining,medium,1,2026-05
French Roaste,,any,5812,Dining,medium,1,2026-05
Fresh&Co,,any,5812,Dining,medium,1,2026-05
Friends Tasty Korea,,any,5812,Dining,medium,1,2026-05
Fruit Paradise,,any,5812,Dining,medium,1,2026-05
Frying Fish Club,,any,5812,Dining,medium,1,2026-05
Frying Fish Club (Sembawang Hills),,any,5812,Dining,medium,1,2026-05
Fu Lin - Clarke Quay,,any,5812,Dining,medium,1,2026-05
Fu Lin Bar & Kitchen (Telok Ayer),,any,5812,Dining,medium,1,2026-05
Fu Lin Clarke Quay,,any,5812,Dining,medium,1,2026-05
Fu Yuan Dining,,any,5812,Dining,medium,1,2026-05
Fuel Up (Yishun),,any,5812,Dining,medium,1,2026-05
Fufu Pot,,any,5812,Dining,medium,1,2026-05
Fujiwara Tofu Concept Shop Singapore,,any,5812,Dining,medium,1,2026-05
Full Of Luck,,any,5812,Dining,medium,1,2026-05
Funtoast,,any,5812,Dining,medium,1,2026-05
Fusion Spoon,,any,5812,Dining,medium,1,2026-05
Fyr@Jalan Besar,,any,5812,Dining,medium,1,2026-05
Fysh At Edition,,any,5812,Dining,medium,1,2026-05
G7 Live Seafood And Frog Porridge,,any,5812,Dining,medium,1,2026-05
Gabbar Bistro & Bar,,any,5812,Dining,medium,1,2026-05
Gaia Korean Restaurant,,any,5812,Dining,medium,1,2026-05
Gaig Restaurant,,any,5812,Dining,medium,1,2026-05
Gaku Sushi Bar,,any,5812,Dining,medium,1,2026-05
Ganko Sushi,,any,5812,Dining,medium,1,2026-05
Garibaldi Italian Restaurant & Bar,,any,5812,Dining,medium,1,2026-05
Gary'S Restaurant,,any,5812,Dining,medium,1,2026-05
Gaston,,any,5812,Dining,medium,1,2026-05
Gastronomia,,any,5812,Dining,medium,1,2026-05
Gemma,,any,5812,Dining,medium,1,2026-05
Genius Central Singapore,,any,5812,Dining,medium,1,2026-05
Genki Sushi,,any,5812,Dining,medium,1,2026-05
Georges @ The Cove,,any,5812,Dining,medium,1,2026-05
Georges @ Wild West,,any,5812,Dining,medium,1,2026-05
Georges By The Bay,,any,5812,Dining,medium,1,2026-05
Geylang Claypot Rice,,any,5812,Dining,medium,1,2026-05
Gim Tim,,any,5812,Dining,medium,1,2026-05
Gin Khao Bistro (Sentosa Cove),,any,5812,Dining,medium,1,2026-05
Ginger,,any,5812,Dining,medium,1,2026-05
Ginkyō By Kinki,,any,5812,Dining,medium,1,2026-05
Ginza Anzu,,any,5812,Dining,medium,1,2026-05
Ginza Lion,,any,5812,Dining,medium,1,2026-05
Gloria Jean'S Coffee,,any,5812,Dining,medium,1,2026-05
Gochi-So Shokudo,,any,5812,Dining,medium,1,2026-05
Godmama,,any,5812,Dining,medium,1,2026-05
Godmama (Funan),,any,5812,Dining,medium,1,2026-05
Godmama (Parkway Parade),,any,5812,Dining,medium,1,2026-05
Golden Ocean Korea Sashimi & Bbq 황금어장,,any,5812,Dining,medium,1,2026-05
Good Old Times Bar And Bistro,,any,5812,Dining,medium,1,2026-05
Google Wallet,,any,5812,Dining,medium,1,2026-05
Gourmet Park Kampong Bugis,,any,5812,Dining,medium,1,2026-05
Grain Traders,,any,5812,Dining,medium,1,2026-05
Grand Shanghai Restaurant,,any,5812,Dining,medium,1,2026-05
Grapevine @ Guillemard,,any,5812,Dining,medium,1,2026-05
Grapevine Bar & Restaurant,,any,5812,Dining,medium,1,2026-05
Green Common,,any,5812,Dining,medium,1,2026-05
Greenhouse,,any,5812,Dining,medium,1,2026-05
Grids & Circles,,any,5812,Dining,medium,1,2026-05
Griglia Craig Road,,any,5812,Dining,medium,1,2026-05
Griglia Katong,,any,5812,Dining,medium,1,2026-05
Grill By Cut,,any,5812,Dining,medium,1,2026-05
Grill Ninety Nine,,any,5812,Dining,medium,1,2026-05
Grin Affair,,any,5812,Dining,medium,1,2026-05
Grub,,online,5812,Dining,medium,1,2026-05
Grub (Junction 8),,any,5812,Dining,medium,1,2026-05
Grub (Stevens),,any,5812,Dining,medium,1,2026-05
Gryphon Cafe,,any,5812,Dining,medium,1,2026-05
Guccio Ristorante,,any,5812,Dining,medium,1,2026-05
Gudsht,,any,5812,Dining,medium,1,2026-05
Guenpin Fugu & Snow Crab Japanese Restaurant,,any,5812,Dining,medium,1,2026-05
Guo Jiang 锅匠,,any,5812,Dining,medium,1,2026-05
Gupshup,,online,5812,Dining,medium,1,2026-05
Gustoso Ristorante Italiano,,any,5812,Dining,medium,1,2026-05
Gyu Kaku Japanese Bbq,,any,5812,Dining,medium,1,2026-05
Gyu San Japanese Bbq & Bar,,any,5812,Dining,medium,1,2026-05
Gyu San Japanese Sando & Charcoal Bar,,any,5812,Dining,medium,1,2026-05
Gyu-Kaku (Chijmes),,any,5812,Dining,medium,1,2026-05
Gyu-Kaku (City Square Mall),,any,5812,Dining,medium,1,2026-05
Gyu-Kaku (Kinex),,any,5812,Dining,medium,1,2026-05
Gyu-Kaku (Marina Square),,any,5812,Dining,medium,1,2026-05
Gyu-Kaku (Novena Square),,any,5812,Dining,medium,1,2026-05
Gyu-Kaku (The Centrepoint),,any,5812,Dining,medium,1,2026-05
Gyu-Kaku (The Star Vista),,any,5812,Dining,medium,1,2026-05
Gyu-Kaku (Ue Square),,any,5812,Dining,medium,1,2026-05
Gyu-Kaku (Vivocity),,any,5812,Dining,medium,1,2026-05
Gyu-Kaku (Waterway Point),,any,5812,Dining,medium,1,2026-05
Gyu-Kaku The Centrepoint,,any,5812,Dining,medium,1,2026-05
Gyutan Tan,,any,5812,Dining,medium,1,2026-05
Gyutan-Tan,,any,5812,Dining,medium,1,2026-05
Haagen Daz,,any,5812,Dining,medium,1,2026-05
Habits Restaurant & Bar,,any,5812,Dining,medium,1,2026-05
Hachimaru Izakaya,,any,5812,Dining,medium,1,2026-05
Haengbok Cakeyo,,any,5812,Dining,medium,1,2026-05
Hai Kah Lang (Sentosa) 海脚人,,any,5812,Dining,medium,1,2026-05
Hai Tien Lo,,any,5812,Dining,medium,1,2026-05
Haidilao Hot Pot,,any,5812,Dining,medium,1,2026-05
Haku Sushi,,any,5812,Dining,medium,1,2026-05
Halcyon & Crane,,any,5812,Dining,medium,1,2026-05
Hamidah’S Kitchen,,any,5812,Dining,medium,1,2026-05
Hanamaruken Ramen Singapore,,any,5812,Dining,medium,1,2026-05
Hanare By Takayama,,any,5812,Dining,medium,1,2026-05
Hanashizuku Japanese Cuisine,,any,5812,Dining,medium,1,2026-05
Handlebar (Gillman Barracks),,any,5812,Dining,medium,1,2026-05
Hanjip Korean Grill House,,any,5812,Dining,medium,1,2026-05
Hankki,,any,5812,Dining,medium,1,2026-05
Hans Im Gluck,,any,5812,Dining,medium,1,2026-05
Hansang Korean Family Restaurant,,any,5812,Dining,medium,1,2026-05
Hard Rock Cafe Singapore,,any,5812,Dining,medium,1,2026-05
Harry'S (18 Tai Seng),,any,5812,Dining,medium,1,2026-05
Harry'S (Cuppage),,any,5812,Dining,medium,1,2026-05
Harry'S (Esplanade),,any,5812,Dining,medium,1,2026-05
Harry'S (Holland Village),,any,5812,Dining,medium,1,2026-05
Harry'S (Mapletree Business City),,any,5812,Dining,medium,1,2026-05
Harry'S (Marina Bay Link Mall),,any,5812,Dining,medium,1,2026-05
Harry'S (Novena),,any,5812,Dining,medium,1,2026-05
Harry'S (Resorts World Sentosa),,any,5812,Dining,medium,1,2026-05
Harry'S Chijmes,,any,5812,Dining,medium,1,2026-05
Hathaway,,any,5812,Dining,medium,1,2026-05
Heavenly Wang,,any,5812,Dining,medium,1,2026-05
Hei Sushi,,any,5812,Dining,medium,1,2026-05
Heisei Japanese Resta,,any,5812,Dining,medium,1,2026-05
Helen'S Bar (Chijmes),,any,5812,Dining,medium,1,2026-05
Helen'S Bar (Clarke Quay),,any,5812,Dining,medium,1,2026-05
Helen'S Bar (Orchard Central),,any,5812,Dining,medium,1,2026-05
Hello Arigato,,any,5812,Dining,medium,1,2026-05
Henri Charpentier,,any,5812,Dining,medium,1,2026-05
Here Kitty Kitty,,any,5812,Dining,medium,1,2026-05
High Bar Society,,any,5812,Dining,medium,1,2026-05
Higher Ground,,any,5812,Dining,medium,1,2026-05
Highhouse,,any,5812,Dining,medium,1,2026-05
Highlander Bar,,any,5812,Dining,medium,1,2026-05
Hill Street Coffee Shop,,any,5812,Dining,medium,1,2026-05
Hitoyoshi Yakiniku,,any,5812,Dining,medium,1,2026-05
Hoang Hau,,any,5812,Dining,medium,1,2026-05
Hock Kee Kopitiam,,any,5812,Dining,medium,1,2026-05
Hokkaido Sushi Restaurant,,any,5812,Dining,medium,1,2026-05
Hola Mexico,,any,5812,Dining,medium,1,2026-05
Holycrab,,any,5812,Dining,medium,1,2026-05
Home Of Seafood,,any,5812,Dining,medium,1,2026-05
Hometown Mala Hotpot Mala Tang,,any,5812,Dining,medium,1,2026-05
Honcho,,any,5812,Dining,medium,1,2026-05
Honeymill,,any,5812,Dining,medium,1,2026-05
Hong Kong Sheng Kee Dessert,,any,5812,Dining,medium,1,2026-05
Hong Kong Stars Cafe 港星茶餐厅,,any,5812,Dining,medium,1,2026-05
Honguo,,any,5812,Dining,medium,1,2026-05
Honolulu Cafe,,any,5812,Dining,medium,1,2026-05
Honolulu Café (Hong Kong Cha Chaan Teng) (Centrepoint),,any,5812,Dining,medium,1,2026-05
Hook & Reel Cajun Seafood & Bar,,any,5812,Dining,medium,1,2026-05
Hopscotch (Gillman Barracks),,any,5812,Dining,medium,1,2026-05
Hoshino Coffee,,any,5812,Dining,medium,1,2026-05
Hoshino Coffee (Chinatown Point),,any,5812,Dining,medium,1,2026-05
Hoshino Coffee (Ion Orchard),,any,5812,Dining,medium,1,2026-05
Hoshino Coffee (Jewel Changi),,any,5812,Dining,medium,1,2026-05
Hoshino Coffee (Plaza Singapura),,any,5812,Dining,medium,1,2026-05
Hoshino Coffee (Raffles Holland V),,any,5812,Dining,medium,1,2026-05
Hoshino Coffee (Suntec City),,any,5812,Dining,medium,1,2026-05
Hoshino Coffee (United Square),,any,5812,Dining,medium,1,2026-05
Hoshino Coffee (Vivocity),,any,5812,Dining,medium,1,2026-05
Hot Tomato,,any,5812,Dining,medium,1,2026-05
Hototogisu Ramen,,any,5812,Dining,medium,1,2026-05
House Of Seafood (Clarke Quay),,any,5812,Dining,medium,1,2026-05
House Of Seafood (Punggol Point),,any,5812,Dining,medium,1,2026-05
House Of White Bee Hoon,,any,5812,Dining,medium,1,2026-05
Huda Restaurant 胡大饭店,,any,5812,Dining,medium,1,2026-05
Huggs Coffee,,any,5812,Dining,medium,1,2026-05
Hui Lau Shan,,any,5812,Dining,medium,1,2026-05
Hush By Mimi,,any,5812,Dining,medium,1,2026-05
I-Running/2,,any,5812,Dining,medium,1,2026-05
Ichiban Boshi,,any,5812,Dining,medium,1,2026-05
Ichiban Boshi (Alexandra Retail Centre),,any,5812,Dining,medium,1,2026-05
Ichiban Boshi (Century Square),,any,5812,Dining,medium,1,2026-05
Ichiban Boshi (Great World),,any,5812,Dining,medium,1,2026-05
Ichiban Boshi (Jem),,any,5812,Dining,medium,1,2026-05
Ichiban Boshi (Jurong Point),,any,5812,Dining,medium,1,2026-05
Ichiban Boshi (Parkway Parade),,any,5812,Dining,medium,1,2026-05
Ichiban Boshi (Waterway Point),,any,5812,Dining,medium,1,2026-05
Ichiban Sushi,,any,5812,Dining,medium,1,2026-05
Idaten Udon,,any,5812,Dining,medium,1,2026-05
Ikigai Izakaya (The Riverwalk),,any,5812,Dining,medium,1,2026-05
Ikki,,any,5812,Dining,medium,1,2026-05
Ikkoten,,any,5812,Dining,medium,1,2026-05
Ilpum Korea Bbq Restaurant Amara Hotel,,any,5812,Dining,medium,1,2026-05
Imasushi,,any,5812,Dining,medium,1,2026-05
Imm Thai Fusion Bar & Bistro,,any,5812,Dining,medium,1,2026-05
Imperial Treasure Fine Chinese Cuisine,,any,5812,Dining,medium,1,2026-05
Imperial Treasure Fine Shanghai Cuisine,,any,5812,Dining,medium,1,2026-05
Imperial Treasure Fine Teochew Cuisine,,any,5812,Dining,medium,1,2026-05
Imperial Treasure Nan Bei Restaurant,,any,5812,Dining,medium,1,2026-05
Imperial Treasure Steamboat Restaurant,,any,5812,Dining,medium,1,2026-05
Imperial Treasure Super Peking Duck,,any,5812,Dining,medium,1,2026-05
Incredi Bowl,,any,5812,Dining,medium,1,2026-05
Indobox,,any,5812,Dining,medium,1,2026-05
Indu Dining,,any,5812,Dining,medium,1,2026-05
Io Italian Osteria Singapore,,any,5812,Dining,medium,1,2026-05
Ippai,,any,5812,Dining,medium,1,2026-05
Ippoh Tempura Bar By Ginza Ippoh,,any,5812,Dining,medium,1,2026-05
Ippudo,,any,5812,Dining,medium,1,2026-05
Isabel Bar,,any,5812,Dining,medium,1,2026-05
Ishi,,any,5812,Dining,medium,1,2026-05
Island Kitchen,,any,5812,Dining,medium,1,2026-05
Issho Izakaya (Great World City),,any,5812,Dining,medium,1,2026-05
Issho Izakaya (One Fullerton),,any,5812,Dining,medium,1,2026-05
Itacho Sushi,,any,5812,Dining,medium,1,2026-05
Italian Tavern - Fork In The Jungle,,any,5812,Dining,medium,1,2026-05
Izgara,,any,5812,Dining,medium,1,2026-05
J Bistro,,any,5812,Dining,medium,1,2026-05
J65,,any,5812,Dining,medium,1,2026-05
J65 @ Jen Singapore Tanglin By Shangri-La,,any,5812,Dining,medium,1,2026-05
Jacks Place,,any,5812,Dining,medium,1,2026-05
Jag Wine,,any,5812,Dining,medium,1,2026-05
Jamaica Blue,,any,5812,Dining,medium,1,2026-05
Jamies Italian,,any,5812,Dining,medium,1,2026-05
Janice Wong,,any,5812,Dining,medium,1,2026-05
Jelebu Dry Laksa,,any,5812,Dining,medium,1,2026-05
Jewel Coffee,,any,5812,Dining,medium,1,2026-05
Jia Dim Sum,,any,5812,Dining,medium,1,2026-05
Jia Wei Chinese Restaurant,,any,5812,Dining,medium,1,2026-05
Jia Xiang Sarawak Kolo Mee,,any,5812,Dining,medium,1,2026-05
Jia Xiang 家乡小厨 16 店,,any,5812,Dining,medium,1,2026-05
Jiak Modern Tzechar (Hillview),,any,5812,Dining,medium,1,2026-05
Jiang Nan Chun,,any,5812,Dining,medium,1,2026-05
Jiang-Nan Chun Restaurant,,any,5812,Dining,medium,1,2026-05
Jigger & Pony,,any,5812,Dining,medium,1,2026-05
Jim Thompson,,any,5812,Dining,medium,1,2026-05
Jinhonten/ Kissajin,,any,5812,Dining,medium,1,2026-05
Jiro Japanese Restaurant,,any,5812,Dining,medium,1,2026-05
Jo Japanese Restaurant,,any,5812,Dining,medium,1,2026-05
Joie Restaurant,,any,5812,Dining,medium,1,2026-05
Jones The Grocer,,any,5812,Dining,medium,1,2026-05
Joo Bar,,any,5812,Dining,medium,1,2026-05
Joo Chiat Oyster House,,any,5812,Dining,medium,1,2026-05
Joséphine - French Cuisine & Wine Bar,,any,5812,Dining,medium,1,2026-05
Ju Kyu,,any,5812,Dining,medium,1,2026-05
Jugoya Yonehachi,,any,5812,Dining,medium,1,2026-05
Jumbo Seafood,,any,5812,Dining,medium,1,2026-05
Just Dough,,any,5812,Dining,medium,1,2026-05
Jyo Omakase,,any,5812,Dining,medium,1,2026-05
Jypsy One Fullerton,,any,5812,Dining,medium,1,2026-05
Jypsy Parkland Green,,any,5812,Dining,medium,1,2026-05
K Cook,,any,5812,Dining,medium,1,2026-05
Ka-En Grill & Sushi Bar,,any,5812,Dining,medium,1,2026-05
Kaarla Wood-Fire Grill & Bar,,any,5812,Dining,medium,1,2026-05
Kaayaloram Authentic Kerala Restaurant,,any,5812,Dining,medium,1,2026-05
Kaen,,any,5812,Dining,medium,1,2026-05
Kafe Utu,,any,5812,Dining,medium,1,2026-05
Kaffe And Toast,,any,5812,Dining,medium,1,2026-05
Kagura Singapore,,any,5812,Dining,medium,1,2026-05
Kagurazaka Saryo,,any,5812,Dining,medium,1,2026-05
Kai Duck,,any,5812,Dining,medium,1,2026-05
Kai Garden (Marina Square),,any,5812,Dining,medium,1,2026-05
Kai Sushi & Robatayaki,,any,5812,Dining,medium,1,2026-05
Kakurega,,any,5812,Dining,medium,1,2026-05
Kakurega (The Lair),,any,5812,Dining,medium,1,2026-05
Kalonn - Craft Beer - Wine & Spirits,,any,5812,Dining,medium,1,2026-05
Kan Sushi,,any,5812,Dining,medium,1,2026-05
Kan Sushi (Tanjong Pagar),,any,5812,Dining,medium,1,2026-05
Kanadaya,,any,5812,Dining,medium,1,2026-05
Kantin At Jewel Changi,,any,5812,Dining,medium,1,2026-05
Kapitan Bar & Restaurant,,any,5812,Dining,medium,1,2026-05
Kappou,,any,5812,Dining,medium,1,2026-05
Kappou Miyako Japanese Home Dining,,any,5812,Dining,medium,1,2026-05
Katanashi An,,any,5812,Dining,medium,1,2026-05
Kaunta,,any,5812,Dining,medium,1,2026-05
Kay Lee Roast Meat,,any,5812,Dining,medium,1,2026-05
Kazbar,,any,5812,Dining,medium,1,2026-05
Keef The Beef Bungalow,,any,5812,Dining,medium,1,2026-05
Kei Hachi,,any,5812,Dining,medium,1,2026-05
Kelly Jie Seafood,,any,5812,Dining,medium,1,2026-05
Kelly Jie Seafood (Tpy Mellben),,any,5812,Dining,medium,1,2026-05
Kemuri Bbq,,any,5812,Dining,medium,1,2026-05
Kenny Rogers Fb,,any,5812,Dining,medium,1,2026-05
Keong Saik Bakery,,any,5812,Dining,medium,1,2026-05
Keyaki,,any,5812,Dining,medium,1,2026-05
Kim Choo,,any,5812,Dining,medium,1,2026-05
Kim Gary Restaurant,,any,5812,Dining,medium,1,2026-05
Kim'S Singapore Bistro,,any,5812,Dining,medium,1,2026-05
Kimchi Dining,,any,5812,Dining,medium,1,2026-05
Kin Kao Young,,any,5812,Dining,medium,1,2026-05
Kinara Boat Quay,,any,5812,Dining,medium,1,2026-05
Kinara Contemporary Indian Cuisine,,any,5812,Dining,medium,1,2026-05
Kinara East Coast,,any,5812,Dining,medium,1,2026-05
Kinara North West,,any,5812,Dining,medium,1,2026-05
Kinki Restaurant + Bar,,any,5812,Dining,medium,1,2026-05
Kintamani Restaurant,,any,5812,Dining,medium,1,2026-05
Kinzo Izakaya,,any,5812,Dining,medium,1,2026-05
Kiseki Japanese Buffet,,any,5812,Dining,medium,1,2026-05
Kiten,,any,5812,Dining,medium,1,2026-05
Kith Cafe,,any,5812,Dining,medium,1,2026-05
Kiwami,,any,5812,Dining,medium,1,2026-05
Kiwami (Chinatown Point),,any,5812,Dining,medium,1,2026-05
Kiwami (Suntec City),,any,5812,Dining,medium,1,2026-05
Kiwami (Tanjong Pagar),,any,5812,Dining,medium,1,2026-05
Kiyoshi,,any,5812,Dining,medium,1,2026-05
Kko Kko Nara,,any,5812,Dining,medium,1,2026-05
Koal,,any,5812,Dining,medium,1,2026-05
Kogane Yama,,any,5812,Dining,medium,1,2026-05
Koh Grill & Sushi Bar,,any,5812,Dining,medium,1,2026-05
Koji Sushi Bar (Pickering),,any,5812,Dining,medium,1,2026-05
Koji Sushi Bar (Raffles City),,any,5812,Dining,medium,1,2026-05
Komyuniti,,any,5812,Dining,medium,1,2026-05
Kopi Tiam,,any,5812,Dining,medium,1,2026-05
Kopitiam (Card Topup),,any,5812,Dining,medium,1,2026-05
Korean Fusion Bbq,,any,5812,Dining,medium,1,2026-05
Kota Zheng Zong Bak Kut Teh,,any,5812,Dining,medium,1,2026-05
Kotobuki Japanese Restaurant,,any,5812,Dining,medium,1,2026-05
Kotuwa,,any,5812,Dining,medium,1,2026-05
Kou Teppan,,any,5812,Dining,medium,1,2026-05
Kpo Café Bar,,any,5812,Dining,medium,1,2026-05
Kraftwich,,any,5812,Dining,medium,1,2026-05
Kreme & Krumbs,,any,5812,Dining,medium,1,2026-05
Kuan Zhai Alley,,any,5812,Dining,medium,1,2026-05
Kubes Bistro,,any,5812,Dining,medium,1,2026-05
Kura Oyster & Highball Bar,,any,5812,Dining,medium,1,2026-05
Kuriya Dining,,any,5812,Dining,medium,1,2026-05
Kuriya Japanese Market,,any,5812,Dining,medium,1,2026-05
Kuro Maguro,,any,5812,Dining,medium,1,2026-05
Kushi Japanese Dining,,any,5812,Dining,medium,1,2026-05
Kushin Bo,,any,5812,Dining,medium,1,2026-05
Kwee Zeen,,any,5812,Dining,medium,1,2026-05
Kwee Zeen (Sofitel Sentosa),,any,5812,Dining,medium,1,2026-05
Kyojo Dining,,any,5812,Dining,medium,1,2026-05
Kyoten Japanese Cuisine,,any,5812,Dining,medium,1,2026-05
Kyoto Shokudo,,any,5812,Dining,medium,1,2026-05
L Entrecote,,any,5812,Dining,medium,1,2026-05
L'Eclair Patisserie,,any,5812,Dining,medium,1,2026-05
L'Entrecôte The Steak & Fries Bistro (Customs House),,any,5812,Dining,medium,1,2026-05
L'Entrecôte The Steak & Fries Bistro (Duxton),,any,5812,Dining,medium,1,2026-05
L'Éclair Pâtisserie (Singapore Shopping Centre),,any,5812,Dining,medium,1,2026-05
La Braceria,,any,5812,Dining,medium,1,2026-05
La D'Oro,,any,5812,Dining,medium,1,2026-05
La D’Oro,,any,5812,Dining,medium,1,2026-05
La Hong Dian Hotpot,,any,5812,Dining,medium,1,2026-05
La Nonna,,any,5812,Dining,medium,1,2026-05
La Nonna (Holland Village),,any,5812,Dining,medium,1,2026-05
La Pizzaiola (Bukit Timah),,any,5812,Dining,medium,1,2026-05
La Pizzaiola (Jalan Riang),,any,5812,Dining,medium,1,2026-05
La Pizzaiola (Kalidasa),,any,5812,Dining,medium,1,2026-05
La Table D’Emma,,any,5812,Dining,medium,1,2026-05
La Taperia,,any,5812,Dining,medium,1,2026-05
La Tapería,,any,5812,Dining,medium,1,2026-05
La Veranda,,any,5812,Dining,medium,1,2026-05
Lady M,,any,5812,Dining,medium,1,2026-05
Lady M Champagne Bar (Ion Orchard),,any,5812,Dining,medium,1,2026-05
Lafiandra Ristorante,,any,5812,Dining,medium,1,2026-05
Lagnaa... Barefoot Dining,,any,5812,Dining,medium,1,2026-05
Lahu 辣虎 Hotpot,,any,5812,Dining,medium,1,2026-05
Lai Wah Restaurant,,any,5812,Dining,medium,1,2026-05
Langelus,,any,5812,Dining,medium,1,2026-05
Lao Beijing,,any,5812,Dining,medium,1,2026-05
Lao Huo Tang,,any,5812,Dining,medium,1,2026-05
Las Palmas Bar,,any,5812,Dining,medium,1,2026-05
Laters',,any,5812,Dining,medium,1,2026-05
Lavender,,any,5812,Dining,medium,1,2026-05
Lavo,,any,5812,Dining,medium,1,2026-05
Lawry'S The Prime Rib,,any,5812,Dining,medium,1,2026-05
Lazy Lizard (Flora Vista),,any,5812,Dining,medium,1,2026-05
Lazy Lizard (Newest),,any,5812,Dining,medium,1,2026-05
Lazy Lizard (Pasir Panjang),,any,5812,Dining,medium,1,2026-05
Lazy Lizard (Sixth Avenue),,any,5812,Dining,medium,1,2026-05
Lazy Lizard (The Promenade),,any,5812,Dining,medium,1,2026-05
Lazy Lizard (Upper Thomson),,any,5812,Dining,medium,1,2026-05
Le Paddock,,any,5812,Dining,medium,1,2026-05
Le Rida (Mediterranean | French & North Indian Cuisine),,any,5812,Dining,medium,1,2026-05
Le Shrimp Ramen,,any,5812,Dining,medium,1,2026-05
Lebar @ Ibis Singapore On Bencoolen,,any,5812,Dining,medium,1,2026-05
Lee Do (Cold Crab) Restaurant,,any,5812,Dining,medium,1,2026-05
Legacy Seafood,,any,5812,Dining,medium,1,2026-05
Legendary Hong Kong,,any,5812,Dining,medium,1,2026-05
Legends Bar,,any,5812,Dining,medium,1,2026-05
Lenas,,any,5812,Dining,medium,1,2026-05
Lenu,,any,5812,Dining,medium,1,2026-05
Les Ducs,,any,5812,Dining,medium,1,2026-05
Let'S Kinn Thai,,any,5812,Dining,medium,1,2026-05
Levant,,any,5812,Dining,medium,1,2026-05
Level33,,any,5812,Dining,medium,1,2026-05
Li Bai Cantonese Restaurant,,any,5812,Dining,medium,1,2026-05
Lighthouse Bistro & Bar,,any,5812,Dining,medium,1,2026-05
Lillo Cucina Italiana,,any,5812,Dining,medium,1,2026-05
Lime Restaurant And Bar,,any,5812,Dining,medium,1,2026-05
Limoncello,,any,5812,Dining,medium,1,2026-05
Lingzhi Vegetarian,,any,5812,Dining,medium,1,2026-05
Lingzhi Vegetarian (Liat Towers),,any,5812,Dining,medium,1,2026-05
Lino,,any,5812,Dining,medium,1,2026-05
Lino (Binjai),,any,5812,Dining,medium,1,2026-05
Lino (Forum),,any,5812,Dining,medium,1,2026-05
Lit Bar Lounge Restaurant By Rubato,,any,5812,Dining,medium,1,2026-05
Little Collins,,any,5812,Dining,medium,1,2026-05
Little Easy Bistro Bar,,any,5812,Dining,medium,1,2026-05
Little Farms Bar & Grill - Serangoon,,any,5812,Dining,medium,1,2026-05
Little Farms Cafe & Bistro - Valley Point,,any,5812,Dining,medium,1,2026-05
Little Farms Table - Holland Village,,any,5812,Dining,medium,1,2026-05
Little Farms Table – Tanglin,,any,5812,Dining,medium,1,2026-05
Little Italy,,any,5812,Dining,medium,1,2026-05
Little Lazy Lizard,,any,5812,Dining,medium,1,2026-05
Llao Llao,,any,5812,Dining,medium,1,2026-05
Lobby Lounge,,any,5812,Dining,medium,1,2026-05
Lobby Lounge & Bar At Holiday Inn Singapore Orchard City Centre,,any,5812,Dining,medium,1,2026-05
Lobby Lounge And The Terrace,,any,5812,Dining,medium,1,2026-05
Lobby Lounge At Singapore Marriott Tang Plaza Hotel,,any,5812,Dining,medium,1,2026-05
Lobby Lounge At The Capitol Kempinski Hotel,,any,5812,Dining,medium,1,2026-05
Lofty Peaks,,any,5812,Dining,medium,1,2026-05
Loh Nam,,any,5812,Dining,medium,1,2026-05
Lokkee,,any,5812,Dining,medium,1,2026-05
London & Martin Co.,,any,5812,Dining,medium,1,2026-05
London Duck By Fei Siong,,any,5812,Dining,medium,1,2026-05
London Fat Duck,,any,5812,Dining,medium,1,2026-05
London Fat Duck (Paya Lebar Quarter),,any,5812,Dining,medium,1,2026-05
Long Beach (Dempsey),,any,5812,Dining,medium,1,2026-05
Long Beach (Imm),,any,5812,Dining,medium,1,2026-05
Long Beach (Robertson Quay),,any,5812,Dining,medium,1,2026-05
Long Beach Seafood,,any,5812,Dining,medium,1,2026-05
Long Beach Udmc,,any,5812,Dining,medium,1,2026-05
Long Black Cafe,,any,5812,Dining,medium,1,2026-05
Loulou - French Cuisine & Wine Bar,,any,5812,Dining,medium,1,2026-05
Love Fresh,,any,5812,Dining,medium,1,2026-05
Lucha Loco,,any,5812,Dining,medium,1,2026-05
Lumo Bar & Restaurant,,any,5812,Dining,medium,1,2026-05
Lusitano,,any,5812,Dining,medium,1,2026-05
Luss Restaurant And Bar,,any,5812,Dining,medium,1,2026-05
M&S Café (Wheelock Place),,any,5812,Dining,medium,1,2026-05
Madame Fan (The Nco Club),,any,5812,Dining,medium,1,2026-05
Madlygood (Clementi Mall),,any,5812,Dining,medium,1,2026-05
Madlygood Japanese Cafe,,any,5812,Dining,medium,1,2026-05
Madrinaa Italiano,,any,5812,Dining,medium,1,2026-05
Mag'S Wine Kitchen,,any,5812,Dining,medium,1,2026-05
Mahaco Taco Bar,,any,5812,Dining,medium,1,2026-05
Maison Kayser,,any,5812,Dining,medium,1,2026-05
Majestic Restaurant,,any,5812,Dining,medium,1,2026-05
Maji Curry,,any,5812,Dining,medium,1,2026-05
Mak'S Noodle,,any,5812,Dining,medium,1,2026-05
Makan@Jen,,any,5812,Dining,medium,1,2026-05
Makan@Jen At Jen Orchardgateway By Shangri-La,,any,5812,Dining,medium,1,2026-05
Makisan,,any,5812,Dining,medium,1,2026-05
Mala Mala,,any,5812,Dining,medium,1,2026-05
Mamacita Mexican Restaurant,,any,5812,Dining,medium,1,2026-05
Man Fu Yuan,,any,5812,Dining,medium,1,2026-05
Manam,,any,5812,Dining,medium,1,2026-05
Manhattan Fish Market,,any,5812,Dining,medium,1,2026-05
Manna Korean Restaurant,,any,5812,Dining,medium,1,2026-05
Manzoku Sake Bar By Yoi Group,,any,5812,Dining,medium,1,2026-05
Margarita'S Dempsey Hill,,any,5812,Dining,medium,1,2026-05
Market Bistro,,any,5812,Dining,medium,1,2026-05
Marukyu,,any,5812,Dining,medium,1,2026-05
Marusaya,,any,5812,Dining,medium,1,2026-05
Marutama,,any,5812,Dining,medium,1,2026-05
Mash Whisky Bar,,any,5812,Dining,medium,1,2026-05
Mashi No Mashi,,any,5812,Dining,medium,1,2026-05
Masizzim,,any,5812,Dining,medium,1,2026-05
Matsumoto,,any,5812,Dining,medium,1,2026-05
Matsuya Dining,,any,5812,Dining,medium,1,2026-05
Mavi Turkish Restaurant & Grill,,any,5812,Dining,medium,1,2026-05
Max'S Restaurant,,any,5812,Dining,medium,1,2026-05
Mazzo Restaurant And Bar,,any,5812,Dining,medium,1,2026-05
Meating Place,,any,5812,Dining,medium,1,2026-05
Meatsmith,,any,5812,Dining,medium,1,2026-05
Meatsmith Telok Ayer - American Smokehouse,,any,5812,Dining,medium,1,2026-05
Mellben,,any,5812,Dining,medium,1,2026-05
Mellben Seafood,,any,5812,Dining,medium,1,2026-05
Men Men Don Don,,any,5812,Dining,medium,1,2026-05
Men-Ichi Ramen,,any,5812,Dining,medium,1,2026-05
Menya Musashi,,any,5812,Dining,medium,1,2026-05
Meokja By Jungga,,any,5812,Dining,medium,1,2026-05
Meow Barbecue (Bugis),,any,5812,Dining,medium,1,2026-05
Meow Barbecue (Vivocity),,any,5812,Dining,medium,1,2026-05
Mikoto Singapore,,any,5812,Dining,medium,1,2026-05
Mikuni,,any,5812,Dining,medium,1,2026-05
Mimi,,any,5812,Dining,medium,1,2026-05
Mimi Korean Bbq Restaurant,,any,5812,Dining,medium,1,2026-05
Mimi Restaurant,,any,5812,Dining,medium,1,2026-05
Mingle Bistro (Funan Mall),,any,5812,Dining,medium,1,2026-05
Ministry Of Food,,any,5812,Dining,medium,1,2026-05
Misaki Japanese Restaurant,,any,5812,Dining,medium,1,2026-05
Misato,,any,5812,Dining,medium,1,2026-05
Mischief,,any,5812,Dining,medium,1,2026-05
Mitsu Sushi Bar,,any,5812,Dining,medium,1,2026-05
Mitsuba Japanese Restaurant,,any,5812,Dining,medium,1,2026-05
Miyoshi By Fat Cow,,any,5812,Dining,medium,1,2026-05
Miyu,,any,5812,Dining,medium,1,2026-05
Miznon,,any,5812,Dining,medium,1,2026-05
Mizuki,,any,5812,Dining,medium,1,2026-05
Mizume,,any,5812,Dining,medium,1,2026-05
Mizuya (Orchid Hotel @ Tras Link),,any,5812,Dining,medium,1,2026-05
Moa Restrobar,,any,5812,Dining,medium,1,2026-05
"Mocha Bleu Patisserie, Bistro + Mixology Bar",,any,5812,Dining,medium,1,2026-05
Moga,,any,5812,Dining,medium,1,2026-05
Moghul Mahal Restaurant,,any,5812,Dining,medium,1,2026-05
Mom'S Kitchen And Bar,,any,5812,Dining,medium,1,2026-05
Mondo Mio Italian Restaurant & Bar,,any,5812,Dining,medium,1,2026-05
Monk'S Brew Club,,any,5812,Dining,medium,1,2026-05
Monster Curry,,any,5812,Dining,medium,1,2026-05
Monster Curry (Chinatown Point),,any,5812,Dining,medium,1,2026-05
Monster Planet,,any,5812,Dining,medium,1,2026-05
Monte Risaia,,any,5812,Dining,medium,1,2026-05
Monti,,any,5812,Dining,medium,1,2026-05
Monzen Izakaya And Grill,,any,5812,Dining,medium,1,2026-05
Moonglow Café & Winebar,,any,5812,Dining,medium,1,2026-05
Morsels,,any,5812,Dining,medium,1,2026-05
Morton'S The Steakhouse,,any,5812,Dining,medium,1,2026-05
Mosaic Cafe And Bakery,,any,5812,Dining,medium,1,2026-05
Moss Cross Tokyo Singapore,,any,5812,Dining,medium,1,2026-05
Mouth Restaurant,,any,5812,Dining,medium,1,2026-05
Mr Biryani,,any,5812,Dining,medium,1,2026-05
Mr. Bucket Chocolaterie - Dempsey Factory,,any,5812,Dining,medium,1,2026-05
Mui Kee Balestier,,any,5812,Dining,medium,1,2026-05
Mui Kee Orchard,,any,5812,Dining,medium,1,2026-05
Muthu'S Curry (Race Course),,any,5812,Dining,medium,1,2026-05
Mutiara Seafood,,any,5812,Dining,medium,1,2026-05
Muyoo,,any,5812,Dining,medium,1,2026-05
My Amor Coffee Shop,,any,5812,Dining,medium,1,2026-05
My Little Spanish Place (Boat Quay),,any,5812,Dining,medium,1,2026-05
My Little Spanish Place (Bukit Timah),,any,5812,Dining,medium,1,2026-05
Naema - Moroccan & Mediterranean Cuisine,,any,5812,Dining,medium,1,2026-05
Nakiryu,,any,5812,Dining,medium,1,2026-05
Nalan (City Hall),,any,5812,Dining,medium,1,2026-05
Nalan Restaurant (City Hall),,any,5812,Dining,medium,1,2026-05
Nalan Restaurant (Little India),,any,5812,Dining,medium,1,2026-05
Nam Nam,,any,5812,Dining,medium,1,2026-05
Nami Korean Grill House By Hanjip,,any,5812,Dining,medium,1,2026-05
Namnam,,any,5812,Dining,medium,1,2026-05
Nan Hwa Chong Fish Head Steamboat,,any,5812,Dining,medium,1,2026-05
Nanami Izakaya,,any,5812,Dining,medium,1,2026-05
Nanbantei Japanese Restaurant,,any,5812,Dining,medium,1,2026-05
Nanbantei Japanese Restaurant (Chinatown Point),,any,5812,Dining,medium,1,2026-05
Nanbantei Japanese Restaurant (Far East Plaza),,any,5812,Dining,medium,1,2026-05
Nando'S,,any,5812,Dining,medium,1,2026-05
Nani Bowl,,any,5812,Dining,medium,1,2026-05
Nanjing Impressions,,any,5812,Dining,medium,1,2026-05
Napoleon Wine Bistro,,any,5812,Dining,medium,1,2026-05
Napoleon.Sg,,online,5812,Dining,medium,1,2026-05
Nara Thai,,any,5812,Dining,medium,1,2026-05
National Kitchen By Violet Oon,,any,5812,Dining,medium,1,2026-05
National Kitchen By Violet Oon (National Gallery),,any,5812,Dining,medium,1,2026-05
Native Kitchen,,any,5812,Dining,medium,1,2026-05
Natureland Café,,any,5812,Dining,medium,1,2026-05
Nayuki,,any,5812,Dining,medium,1,2026-05
Negro Carbón Albayzín,,any,5812,Dining,medium,1,2026-05
Nene Chicken,,any,5812,Dining,medium,1,2026-05
Neon Pigeon,,any,5812,Dining,medium,1,2026-05
Nest At One Farrer,,any,5812,Dining,medium,1,2026-05
Nest Private Dining At One Farrer Hotel,,any,5812,Dining,medium,1,2026-05
New Fut Kai Vegetarian 新佛界素食,,any,5812,Dining,medium,1,2026-05
New Ubin Seafood,,any,5812,Dining,medium,1,2026-05
New Ubin Seafood Retail,,any,5812,Dining,medium,1,2026-05
Ni Pang Zi Grilled Fish,,any,5812,Dining,medium,1,2026-05
Nijuuichi Duxton Hill,,any,5812,Dining,medium,1,2026-05
Nipong Naepong,,any,5812,Dining,medium,1,2026-05
Niu Dian,,any,5812,Dining,medium,1,2026-05
No Signboard Seafood Restaurant,,any,5812,Dining,medium,1,2026-05
Noa Restaurant By Olivia,,any,5812,Dining,medium,1,2026-05
Nobu Singapore,,any,5812,Dining,medium,1,2026-05
Noir - Boeuf The Cellar,,any,5812,Dining,medium,1,2026-05
Noka-Open Farm Community,,any,5812,Dining,medium,1,2026-05
Non Resident,,any,5812,Dining,medium,1,2026-05
Nox - Dine In The Dark,,any,5812,Dining,medium,1,2026-05
Nozomi,,any,5812,Dining,medium,1,2026-05
Nozomi (The Star Vista),,any,5812,Dining,medium,1,2026-05
Numb川麻记,,any,5812,Dining,medium,1,2026-05
Nyonyas & Gentlemen (Village Hotel Katong),,any,5812,Dining,medium,1,2026-05
O' Coffee Club Xpress,,any,5812,Dining,medium,1,2026-05
Obar,,any,5812,Dining,medium,1,2026-05
Obba Bbq & Jjajang (Amoy),,any,5812,Dining,medium,1,2026-05
Ocean Restaurant,,any,5812,Dining,medium,1,2026-05
Oche Clarke Quay,,any,5812,Dining,medium,1,2026-05
Octapas,,any,5812,Dining,medium,1,2026-05
Oddle Eats,,any,5812,Dining,medium,1,2026-05
Officers' Mess Polo Bar,,any,5812,Dining,medium,1,2026-05
Ohayo Mama San,,any,5812,Dining,medium,1,2026-05
Ohsho,,any,5812,Dining,medium,1,2026-05
Oishii Ristorante,,any,5812,Dining,medium,1,2026-05
Old Hen Kitchen,,any,5812,Dining,medium,1,2026-05
Old Street Bak Kut Teh,,any,5812,Dining,medium,1,2026-05
Old Town,,any,5812,Dining,medium,1,2026-05
Olive Mediterranean & Middle Eastern,,any,5812,Dining,medium,1,2026-05
Olsen Bakehouse,,any,5812,Dining,medium,1,2026-05
Omakase @ Stevens,,any,5812,Dining,medium,1,2026-05
Omar Shariff Authentic Indian Cuisine,,any,5812,Dining,medium,1,2026-05
Omnivore,,any,5812,Dining,medium,1,2026-05
Omote,,any,5812,Dining,medium,1,2026-05
Omu Nomu Craft Sake & Raw Bar,,any,5812,Dining,medium,1,2026-05
One Man Coffee,,any,5812,Dining,medium,1,2026-05
One-Ninety Bar,,any,5812,Dining,medium,1,2026-05
One-Ninety Restaurant,,any,5812,Dining,medium,1,2026-05
Open Farm Community (Dempsey),,any,5812,Dining,medium,1,2026-05
Operetta Corner Bar,,any,5812,Dining,medium,1,2026-05
Opio Kitchen & Bar,,any,5812,Dining,medium,1,2026-05
Oppa Sha-Shabu & Bbq,,any,5812,Dining,medium,1,2026-05
Opvs 2 Grill & Oyster Bar,,any,5812,Dining,medium,1,2026-05
Orchid Live Seafood,,any,5812,Dining,medium,1,2026-05
Origin Grill,,any,5812,Dining,medium,1,2026-05
Original Botak Jones Kampong Ampat,,any,5812,Dining,medium,1,2026-05
Original Sin,,any,5812,Dining,medium,1,2026-05
Oscar'S,,any,5812,Dining,medium,1,2026-05
Osia Steak & Seafood Grill,,any,5812,Dining,medium,1,2026-05
Oso Ristorante,,any,5812,Dining,medium,1,2026-05
Otoko Ramen,,any,5812,Dining,medium,1,2026-05
Otto Ristorante,,any,5812,Dining,medium,1,2026-05
Oumi,,any,5812,Dining,medium,1,2026-05
P.S.O Beach Club,,any,5812,Dining,medium,1,2026-05
Pablo Blau,,any,5812,Dining,medium,1,2026-05
Paik'S Bibim,,any,5812,Dining,medium,1,2026-05
Paiks Bibim,,any,5812,Dining,medium,1,2026-05
Pallet Cafe Bar,,any,5812,Dining,medium,1,2026-05
Palm Garden,,any,5812,Dining,medium,1,2026-05
Pano Kato Grill Pizza & Deli,,any,5812,Dining,medium,1,2026-05
Pantler,,any,5812,Dining,medium,1,2026-05
Papi'S Tacos - Seah Street,,any,5812,Dining,medium,1,2026-05
Papi'S Tacos Tanjong Pagar,,any,5812,Dining,medium,1,2026-05
Papi’S Tacos Seah Street,,any,5812,Dining,medium,1,2026-05
Pappamia,,any,5812,Dining,medium,1,2026-05
Papparich Malaysian Delights,,any,5812,Dining,medium,1,2026-05
Paradise Classic,,any,5812,Dining,medium,1,2026-05
Paradise Dynasty,,any,5812,Dining,medium,1,2026-05
Paradise Group,,any,5812,Dining,medium,1,2026-05
Paradise Hotpot,,any,5812,Dining,medium,1,2026-05
Paradise Inn,,any,5812,Dining,medium,1,2026-05
Paradise Island,,any,5812,Dining,medium,1,2026-05
Paradise Pizza & Elixir Coffee,,any,5812,Dining,medium,1,2026-05
Paradise Teochew Restaurant,,any,5812,Dining,medium,1,2026-05
Parathai,,any,5812,Dining,medium,1,2026-05
Park90,,any,5812,Dining,medium,1,2026-05
Pasta Brava,,any,5812,Dining,medium,1,2026-05
Pasta Fresca Da Salvatore (Boat Quay),,any,5812,Dining,medium,1,2026-05
Pasta Fresca Da Salvatore (Bukit Timah),,any,5812,Dining,medium,1,2026-05
Pasta Fresca Da Salvatore (Siglap),,any,5812,Dining,medium,1,2026-05
Pasta J,,any,5812,Dining,medium,1,2026-05
Pastamania,,any,5812,Dining,medium,1,2026-05
Pastaria,,any,5812,Dining,medium,1,2026-05
Pastaria Abate (Tanjong Pagar),,any,5812,Dining,medium,1,2026-05
Patisserie G,,any,5812,Dining,medium,1,2026-05
Patro'S Sports Bar & Restaurant,,any,5812,Dining,medium,1,2026-05
Paul,,any,5812,Dining,medium,1,2026-05
Paulaner Bräuhaus Singapore,,any,5812,Dining,medium,1,2026-05
Pavilion Banana Leaf - Wg,,any,5812,Dining,medium,1,2026-05
Pazzion Café (Takashimaya),,any,5812,Dining,medium,1,2026-05
Peach Blossoms - Parkroyal Collection Marina Bay,,any,5812,Dining,medium,1,2026-05
Peach Garden,,any,5812,Dining,medium,1,2026-05
Peach Garden (Changi Airport T2),,any,5812,Dining,medium,1,2026-05
Peach Garden (Chinatown Point),,any,5812,Dining,medium,1,2026-05
Peach Garden (Ocbc Centre),,any,5812,Dining,medium,1,2026-05
Peach Garden (The Heeren),,any,5812,Dining,medium,1,2026-05
Peach Garden (The Metropolis),,any,5812,Dining,medium,1,2026-05
Peach Garden (Thomson Plaza),,any,5812,Dining,medium,1,2026-05
Pemenco,,any,5812,Dining,medium,1,2026-05
Penang Culture,,any,5812,Dining,medium,1,2026-05
Penang Place,,any,5812,Dining,medium,1,2026-05
Peony Jade,,any,5812,Dining,medium,1,2026-05
Peperoni Pizzeria,,any,5812,Dining,medium,1,2026-05
Peperoni Pizzeria (Biopolis),,any,5812,Dining,medium,1,2026-05
Peperoni Pizzeria (Frankel),,any,5812,Dining,medium,1,2026-05
Peperoni Pizzeria (Greenwood),,any,5812,Dining,medium,1,2026-05
Peperoni Pizzeria (Suntec City),,any,5812,Dining,medium,1,2026-05
Peperoni Pizzeria (United Square),,any,5812,Dining,medium,1,2026-05
Peperoni Pizzeria (Upper Thomson),,any,5812,Dining,medium,1,2026-05
Peppermint,,any,5812,Dining,medium,1,2026-05
Perch,,any,5812,Dining,medium,1,2026-05
Perle Noire Resto Bar,,any,5812,Dining,medium,1,2026-05
Pestle & Mortar Society,,any,5812,Dining,medium,1,2026-05
Pho Street,,any,5812,Dining,medium,1,2026-05
Picolino,,any,5812,Dining,medium,1,2026-05
Pietro Ristorante Italiano,,any,5812,Dining,medium,1,2026-05
Pig N Whistle,,any,5812,Dining,medium,1,2026-05
Pilcrow - Desserts & Cocktails,,any,5812,Dining,medium,1,2026-05
Pilot Kitchen,,any,5812,Dining,medium,1,2026-05
Pizza Express,,any,5812,Dining,medium,1,2026-05
Pizza Maru,,any,5812,Dining,medium,1,2026-05
Pizzaface (Concourse),,any,5812,Dining,medium,1,2026-05
Pizzaface (Ridgewood),,any,5812,Dining,medium,1,2026-05
Place To Read,,any,5812,Dining,medium,1,2026-05
Plate - Carlton City Hotel Singapore,,any,5812,Dining,medium,1,2026-05
Plateless,,any,5812,Dining,medium,1,2026-05
Platypus Cantina (Mexican-Inspired Cuisine) - East Coast,,any,5812,Dining,medium,1,2026-05
Plentyfull,,any,5812,Dining,medium,1,2026-05
Plonk,,any,5812,Dining,medium,1,2026-05
Plus Eight Two,,any,5812,Dining,medium,1,2026-05
Pocha,,any,5812,Dining,medium,1,2026-05
Pocha! Korean Street Dining (Clarke Quay),,any,5812,Dining,medium,1,2026-05
Poke Theory,,any,5812,Dining,medium,1,2026-05
Pollen,,any,5812,Dining,medium,1,2026-05
Pool Bar,,any,5812,Dining,medium,1,2026-05
Porta-Porta Italian Restaurant,,any,5812,Dining,medium,1,2026-05
Portmans Bar,,any,5812,Dining,medium,1,2026-05
Porto Rico Importing Co.,,any,5812,Dining,medium,1,2026-05
Positano Risto,,any,5812,Dining,medium,1,2026-05
Pot To Plate Restaurant,,any,5812,Dining,medium,1,2026-05
Poulet,,any,5812,Dining,medium,1,2026-05
Prairie By Craftsmen (Bukit Timah),,any,5812,Dining,medium,1,2026-05
Prairie By Craftsmen (Joo Chiat),,any,5812,Dining,medium,1,2026-05
Prairie By Craftsmen (River Valley),,any,5812,Dining,medium,1,2026-05
Pratunam By Soi Thai Soi Nice (Nex),,any,5812,Dining,medium,1,2026-05
Primal Cut,,any,5812,Dining,medium,1,2026-05
Princess Terrace,,any,5812,Dining,medium,1,2026-05
Prive,,any,5812,Dining,medium,1,2026-05
Privé Botanic Gardens,,any,5812,Dining,medium,1,2026-05
Privé Katong,,any,5812,Dining,medium,1,2026-05
Professor Brawn Bistro (Enabling Village),,any,5812,Dining,medium,1,2026-05
Professor Brawn Cafe,,any,5812,Dining,medium,1,2026-05
Proost Bar,,any,5812,Dining,medium,1,2026-05
Province,,any,5812,Dining,medium,1,2026-05
Ps Cafe,,any,5812,Dining,medium,1,2026-05
Ps.Cafe East Coast Park,,any,5812,Dining,medium,1,2026-05
Ps.Cafe Great World City,,any,5812,Dining,medium,1,2026-05
Ps.Cafe Harding,,any,5812,Dining,medium,1,2026-05
Ps.Cafe Marina Bay Sands,,any,5812,Dining,medium,1,2026-05
Ps.Cafe Palais Renaissance,,any,5812,Dining,medium,1,2026-05
Ps.Cafe Paragon,,any,5812,Dining,medium,1,2026-05
Ps.Cafe Raffles City Shopping Centre,,any,5812,Dining,medium,1,2026-05
Publico Ristorante & Garden,,any,5812,Dining,medium,1,2026-05
Pullman Bakery,,any,5812,Dining,medium,1,2026-05
Pulse At The Riverhouse,,any,5812,Dining,medium,1,2026-05
Pura Brasa,,any,5812,Dining,medium,1,2026-05
Putien,,any,5812,Dining,medium,1,2026-05
Pàn,,any,5812,Dining,medium,1,2026-05
Qian Xi,,any,5812,Dining,medium,1,2026-05
Qin Restaurant N Bar,,any,5812,Dining,medium,1,2026-05
Quaich Bar Avant-Garde (South Beach),,any,5812,Dining,medium,1,2026-05
Quaich Bar Collector (Waterfront Plaza),,any,5812,Dining,medium,1,2026-05
Quay House,,any,5812,Dining,medium,1,2026-05
Quentin'S Bar & Restaurant (Sentosa),,any,5812,Dining,medium,1,2026-05
Quentin'S Eurasian Restaurant,,any,5812,Dining,medium,1,2026-05
Qīn Restaurant & Bar,,any,5812,Dining,medium,1,2026-05
Racines,,any,5812,Dining,medium,1,2026-05
Raffles Hotel Singapore,,any,5812,Dining,medium,1,2026-05
Raku Raku Japanese Dining Duxton,,any,5812,Dining,medium,1,2026-05
Raku Raku Japanese Dining Stanley,,any,5812,Dining,medium,1,2026-05
Rakuichi Japanese Restaurant,,any,5812,Dining,medium,1,2026-05
Ramen Champion,,any,5812,Dining,medium,1,2026-05
Ramen Ichiro,,any,5812,Dining,medium,1,2026-05
Ramen Keisuke Tori King,,any,5812,Dining,medium,1,2026-05
Ramen Play,,any,5812,Dining,medium,1,2026-05
Rang Mahal,,any,5812,Dining,medium,1,2026-05
Rangooli Restaurant,,any,5812,Dining,medium,1,2026-05
Rappu Handroll Bar,,any,5812,Dining,medium,1,2026-05
Real Food,,any,5812,Dining,medium,1,2026-05
Rebelicious,,any,5812,Dining,medium,1,2026-05
Red Eye Smokehouse,,any,5812,Dining,medium,1,2026-05
Red House Seafood,,any,5812,Dining,medium,1,2026-05
Red House Seafood (Clarke Quay),,any,5812,Dining,medium,1,2026-05
Red House Seafood (Esplanade),,any,5812,Dining,medium,1,2026-05
Red House Seafood (Grand Copthorne),,any,5812,Dining,medium,1,2026-05
Reddot Brewhouse (Dempsey Hill),,any,5812,Dining,medium,1,2026-05
Rempapa,,any,5812,Dining,medium,1,2026-05
Rempapa By Damian D'Silva,,any,5812,Dining,medium,1,2026-05
Renga-Ya,,any,5812,Dining,medium,1,2026-05
Reply K1988,,any,5812,Dining,medium,1,2026-05
Restaurant Jag,,any,5812,Dining,medium,1,2026-05
Restaurant Khiri,,any,5812,Dining,medium,1,2026-05
Restaurant Labyrinth,,any,5812,Dining,medium,1,2026-05
Restaurant Peramakan (Owen Road),,any,5812,Dining,medium,1,2026-05
Revolver,,any,5812,Dining,medium,1,2026-05
Rhubarb Le Restaurant,,any,5812,Dining,medium,1,2026-05
Rintintin,,any,5812,Dining,medium,1,2026-05
Rise,,any,5812,Dining,medium,1,2026-05
Ristorante Palermo,,any,5812,Dining,medium,1,2026-05
Ristorante Pietrasanta,,any,5812,Dining,medium,1,2026-05
Ristorante Takada,,any,5812,Dining,medium,1,2026-05
Riverside Grilled Fish Rc,,any,5812,Dining,medium,1,2026-05
Riverside Grilled Fish Tb,,any,5812,Dining,medium,1,2026-05
Riverside Grilled Fish Vc,,any,5812,Dining,medium,1,2026-05
Riverside Grilled Fish-Ne,,any,5812,Dining,medium,1,2026-05
Riverside Grilled Fish-Np,,any,5812,Dining,medium,1,2026-05
Riverwalk Tandoor - Bhai Da Dhaba,,any,5812,Dining,medium,1,2026-05
Roast & Coffee - Retro Garden 1968's,,any,5812,Dining,medium,1,2026-05
Rocku Yakiniku,,any,5812,Dining,medium,1,2026-05
Rocky Master,,any,5812,Dining,medium,1,2026-05
Roku Omakase,,any,5812,Dining,medium,1,2026-05
Roland Restaurant P,,any,5812,Dining,medium,1,2026-05
Rong Hua Bak Kut Teh,,any,5812,Dining,medium,1,2026-05
Rooftop 88,,any,5812,Dining,medium,1,2026-05
Rosso Vino,,any,5812,Dining,medium,1,2026-05
Royal Palm @ Orchid Country Club,,any,5812,Dining,medium,1,2026-05
Royal Taj,,any,5812,Dining,medium,1,2026-05
Rubato,,any,5812,Dining,medium,1,2026-05
Rubato Italian Restaurant & Wine Bar (Greenwood),,any,5812,Dining,medium,1,2026-05
Ruth'S Chris Steak House,,any,5812,Dining,medium,1,2026-05
Ruyi,,any,5812,Dining,medium,1,2026-05
Rvlt,,any,5812,Dining,medium,1,2026-05
Ryan'S Kitchen,,any,5812,Dining,medium,1,2026-05
Ryans Kitchen,,any,5812,Dining,medium,1,2026-05
Sabai,,any,5812,Dining,medium,1,2026-05
Sabio By The Sea,,any,5812,Dining,medium,1,2026-05
Saboten,,any,5812,Dining,medium,1,2026-05
Saboten (Terminal 1),,any,5812,Dining,medium,1,2026-05
Sahebs - The Indian Restaurant,,any,5812,Dining,medium,1,2026-05
Saizeriya,,any,5812,Dining,medium,1,2026-05
Sakaba 18 Ban 酒場18番,,any,5812,Dining,medium,1,2026-05
Sakae Sushi,,any,5812,Dining,medium,1,2026-05
Sake+,,any,5812,Dining,medium,1,2026-05
Sakuraya,,any,5812,Dining,medium,1,2026-05
Salai Casual Elevated Dining (Dunlop),,any,5812,Dining,medium,1,2026-05
Salmon Samurai,,any,5812,Dining,medium,1,2026-05
Salted Caramel (Bukit Timah),,any,5812,Dining,medium,1,2026-05
Salvo By Pasta Fresca,,any,5812,Dining,medium,1,2026-05
Sanchos,,any,5812,Dining,medium,1,2026-05
Sanchos Cq,,any,5812,Dining,medium,1,2026-05
Sanchos Taqueria,,any,5812,Dining,medium,1,2026-05
Sandaime Bunji,,any,5812,Dining,medium,1,2026-05
Sandaime Hiraki Unagi & Sake,,any,5812,Dining,medium,1,2026-05
Sanook-Jurong Pt,,any,5812,Dining,medium,1,2026-05
Santi'S Pizza & Produce,,any,5812,Dining,medium,1,2026-05
Sarai,,any,5812,Dining,medium,1,2026-05
Sarnies,,any,5812,Dining,medium,1,2026-05
Sato Sushi,,any,5812,Dining,medium,1,2026-05
Saturday House,,any,5812,Dining,medium,1,2026-05
Saveur (Purvis),,any,5812,Dining,medium,1,2026-05
Savour Eat,,any,5812,Dining,medium,1,2026-05
Sawadee Thai Cuisine,,any,5812,Dining,medium,1,2026-05
Sbcd Korean Tofu House (Arc),,any,5812,Dining,medium,1,2026-05
Sbcd Korean Tofu House (Millenia Walk),,any,5812,Dining,medium,1,2026-05
Sbcd Korean Tofu House (Tanjong Pagar Centre),,any,5812,Dining,medium,1,2026-05
Scaled,,any,5812,Dining,medium,1,2026-05
Scaled By Ah Hua Kelong,,any,5812,Dining,medium,1,2026-05
Scotts Grill,,any,5812,Dining,medium,1,2026-05
Seafood Paradise,,any,5812,Dining,medium,1,2026-05
Seasonal Tastes,,any,5812,Dining,medium,1,2026-05
Seasons Coconut Chicken,,any,5812,Dining,medium,1,2026-05
Secret Recipe,,any,5812,Dining,medium,1,2026-05
Segar,,any,5812,Dining,medium,1,2026-05
Seiwaa Okonomiyaki & Teppanyaki Restaurant,,any,5812,Dining,medium,1,2026-05
Sen By Beurre,,any,5812,Dining,medium,1,2026-05
Sensu,,any,5812,Dining,medium,1,2026-05
Seo Chon Korean Restaurant,,any,5812,Dining,medium,1,2026-05
Seorae Jib (Nex),,any,5812,Dining,medium,1,2026-05
Seorae Jib (Plaza Singapura),,any,5812,Dining,medium,1,2026-05
Seorae Korean Charcoal Bbq (Compass One),,any,5812,Dining,medium,1,2026-05
Seorae Korean Charcoal Bbq (Jem),,any,5812,Dining,medium,1,2026-05
Seorae Korean Charcoal Bbq (Northpoint City),,any,5812,Dining,medium,1,2026-05
Seorae Korean Charcoal Bbq (Tampines Mall),,any,5812,Dining,medium,1,2026-05
Seoul Garden,,any,5812,Dining,medium,1,2026-05
Seoul Yummy,,any,5812,Dining,medium,1,2026-05
Servus (Formerly Known As Hans Im Gluck),,any,5812,Dining,medium,1,2026-05
Sessions,,any,5812,Dining,medium,1,2026-05
Sg Taps,,any,5812,Dining,medium,1,2026-05
Shabu Jin,,any,5812,Dining,medium,1,2026-05
Shabu Sai,,any,5812,Dining,medium,1,2026-05
Shahi Maharani,,any,5812,Dining,medium,1,2026-05
Sharab Aur Kebab,,any,5812,Dining,medium,1,2026-05
Shashlik Restaurant,,any,5812,Dining,medium,1,2026-05
Shi Li Fang,,any,5812,Dining,medium,1,2026-05
Shikar,,any,5812,Dining,medium,1,2026-05
Shima Restaurant,,any,5812,Dining,medium,1,2026-05
Shin Kushiya,,any,5812,Dining,medium,1,2026-05
Shin Minori,,any,5812,Dining,medium,1,2026-05
Shin Minori Japanese Restaurant (Ue Square),,any,5812,Dining,medium,1,2026-05
Shin Yeh Restaurant,,any,5812,Dining,medium,1,2026-05
Shinnsato Okinawa Cuisine,,any,5812,Dining,medium,1,2026-05
Shinzo Japanese Cuisine,,any,5812,Dining,medium,1,2026-05
Shiok! Hotpot,,any,5812,Dining,medium,1,2026-05
Shish Mahal Restaurant,,any,5812,Dining,medium,1,2026-05
Shrimp Prawn Seafood,,any,5812,Dining,medium,1,2026-05
Shu Yan Sichuan Cuisine 蜀宴,,any,5812,Dining,medium,1,2026-05
Shukuu Izakaya,,any,5812,Dining,medium,1,2026-05
Shunjuu Izakaya,,any,5812,Dining,medium,1,2026-05
Si Chuan Dou Hua,,any,5812,Dining,medium,1,2026-05
Si Chuan Dou Hua (Beach Road),,any,5812,Dining,medium,1,2026-05
Si Chuan Dou Hua (Uob Plaza),,any,5812,Dining,medium,1,2026-05
Si Wei Mao Cai,,any,5812,Dining,medium,1,2026-05
Si Wei Xiao Hot Pot,,any,5812,Dining,medium,1,2026-05
Siam Kitchen,,any,5812,Dining,medium,1,2026-05
Siamsmith-Palais,,any,5812,Dining,medium,1,2026-05
Sidetrack,,any,5812,Dining,medium,1,2026-05
Silk Tea Bar,,any,5812,Dining,medium,1,2026-05
Silver Shell Cafe,,any,5812,Dining,medium,1,2026-05
Silverkris,,any,5812,Dining,medium,1,2026-05
Singapore Seafood Republic,,any,5812,Dining,medium,1,2026-05
Sinpopo At Tangs,,any,5812,Dining,medium,1,2026-05
Skai Bar,,any,5812,Dining,medium,1,2026-05
Skai Restaurant,,any,5812,Dining,medium,1,2026-05
Skinny Pizza,,any,5812,Dining,medium,1,2026-05
Skirt (W Singapore - Sentosa Cove),,any,5812,Dining,medium,1,2026-05
Skosh @ Bencoolen (Nafa),,any,5812,Dining,medium,1,2026-05
Sky Garden Sentosa,,any,5812,Dining,medium,1,2026-05
Sky View Pavilion,,any,5812,Dining,medium,1,2026-05
Slappy Cakes,,any,5812,Dining,medium,1,2026-05
Slappy Cakes (Northshore Plaza 2),,any,5812,Dining,medium,1,2026-05
Smokey'S Bbq Joo Chiat,,any,5812,Dining,medium,1,2026-05
Smoochie Creamery,,any,5812,Dining,medium,1,2026-05
Smooy,,any,5812,Dining,medium,1,2026-05
So France Claymore,,any,5812,Dining,medium,1,2026-05
So France Duo,,any,5812,Dining,medium,1,2026-05
So Good Char Chan Teng,,any,5812,Dining,medium,1,2026-05
So Pho,,any,5812,Dining,medium,1,2026-05
So Pho (Clementi Mall),,any,5812,Dining,medium,1,2026-05
So Pho (Jem),,any,5812,Dining,medium,1,2026-05
So Pho (Jewel Changi Airport),,any,5812,Dining,medium,1,2026-05
So Pho (Mbs),,any,5812,Dining,medium,1,2026-05
So Pho (Nex),,any,5812,Dining,medium,1,2026-05
So Pho (Novena Square),,any,5812,Dining,medium,1,2026-05
So Pho (Waterway Point),,any,5812,Dining,medium,1,2026-05
So Pho (Woodleigh),,any,5812,Dining,medium,1,2026-05
So Ramen,,any,5812,Dining,medium,1,2026-05
Social Bar & Bistro,,any,5812,Dining,medium,1,2026-05
Sofi Cafe + Pizza + Keto By Pasta Brava,,any,5812,Dining,medium,1,2026-05
Sofra Turkish Cafe & Restaurant,,any,5812,Dining,medium,1,2026-05
Softhaus,,any,5812,Dining,medium,1,2026-05
Soi 47,,any,5812,Dining,medium,1,2026-05
Sol & Luna (Capitaspring),,any,5812,Dining,medium,1,2026-05
Solo Ristorante,,any,5812,Dining,medium,1,2026-05
Sonas Grill,,any,5812,Dining,medium,1,2026-05
Song Fa Bak Kut Teh,,any,5812,Dining,medium,1,2026-05
Soup Restaurant,,any,5812,Dining,medium,1,2026-05
Souperstar,,any,5812,Dining,medium,1,2026-05
Spectre,,any,5812,Dining,medium,1,2026-05
Spice Brasserie,,any,5812,Dining,medium,1,2026-05
Spices Cafe,,any,5812,Dining,medium,1,2026-05
Spiffy Dapper,,any,5812,Dining,medium,1,2026-05
Spinelli Coffee,,any,5812,Dining,medium,1,2026-05
Spizza (Bukit Timah),,any,5812,Dining,medium,1,2026-05
Spizza (Jalan Kayu),,any,5812,Dining,medium,1,2026-05
Spring Court,,any,5812,Dining,medium,1,2026-05
Sprmrkt At Dempsey Hill,,any,5812,Dining,medium,1,2026-05
Spruce,,any,5812,Dining,medium,1,2026-05
Spruce (Hillview 2),,any,5812,Dining,medium,1,2026-05
Ssak3 Korean Bbq,,any,5812,Dining,medium,1,2026-05
Standing Sushi Bar,,any,5812,Dining,medium,1,2026-05
Staple Food Cafe,,any,5812,Dining,medium,1,2026-05
Steak & Sukiyaki Wagyu Aburiya,,any,5812,Dining,medium,1,2026-05
Steakville,,any,5812,Dining,medium,1,2026-05
Storehub,,online,5812,Dining,medium,1,2026-05
Straits Chinese Nonya Restaurant,,any,5812,Dining,medium,1,2026-05
Straits Chinese Nonya Restaurant (Esplanade Mall),,any,5812,Dining,medium,1,2026-05
Straits Chinese Nonya Restaurant (Keck Seng Tower),,any,5812,Dining,medium,1,2026-05
Streats (City Square Mall),,any,5812,Dining,medium,1,2026-05
Streats (Imm),,any,5812,Dining,medium,1,2026-05
Stregissingapore.Com,,online,5812,Dining,medium,1,2026-05
Studio Fleurette Pte Ltd,,any,5812,Dining,medium,1,2026-05
Suhang Xiangban 苏杭湘伴,,any,5812,Dining,medium,1,2026-05
Suki Ya,,any,5812,Dining,medium,1,2026-05
Suki-Suki Thai,,any,5812,Dining,medium,1,2026-05
Suki-Yakin,,any,5812,Dining,medium,1,2026-05
Sukiyaki Yotaro,,any,5812,Dining,medium,1,2026-05
Sum Kee Food,,any,5812,Dining,medium,1,2026-05
Summer Hill,,any,5812,Dining,medium,1,2026-05
Summer Palace,,any,5812,Dining,medium,1,2026-05
Summer Pavilion (The Ritz-Carlton - Millenia Singapore),,any,5812,Dining,medium,1,2026-05
Summer Pavillion,,any,5812,Dining,medium,1,2026-05
Summer Yakitori,,any,5812,Dining,medium,1,2026-05
Sun Ray Cafe,,any,5812,Dining,medium,1,2026-05
Sun'S Cafe,,any,5812,Dining,medium,1,2026-05
Sunday Folks,,any,5812,Dining,medium,1,2026-05
Sunnyhills Delights,,any,5812,Dining,medium,1,2026-05
Super Loco Robertson Quay,,any,5812,Dining,medium,1,2026-05
Supply & Demand (Esplanade),,any,5812,Dining,medium,1,2026-05
Supply & Demand (Novena),,any,5812,Dining,medium,1,2026-05
Supply & Demand (Orchard Gateway),,any,5812,Dining,medium,1,2026-05
Supply Demand,,any,5812,Dining,medium,1,2026-05
Sushi Ayumu By Masa Ishibashi,,any,5812,Dining,medium,1,2026-05
Sushi Ichinoji,,any,5812,Dining,medium,1,2026-05
Sushi Ichizuke,,any,5812,Dining,medium,1,2026-05
Sushi Izakaya Kadohachi,,any,5812,Dining,medium,1,2026-05
Sushi Jin,,any,5812,Dining,medium,1,2026-05
Sushi Jiro (Parkroyal Collection Marina Bay),,any,5812,Dining,medium,1,2026-05
Sushi Jiro At Keppel,,any,5812,Dining,medium,1,2026-05
Sushi Mieda,,any,5812,Dining,medium,1,2026-05
Sushi Moka,,any,5812,Dining,medium,1,2026-05
Sushi Seizan,,any,5812,Dining,medium,1,2026-05
Sushi Tei,,any,5812,Dining,medium,1,2026-05
Sushi Tei - Hv,,any,5812,Dining,medium,1,2026-05
Sushi Yujo,,any,5812,Dining,medium,1,2026-05
Sushiro,,any,5812,Dining,medium,1,2026-05
Swatow Garden Seafood,,any,5812,Dining,medium,1,2026-05
Swee Choon Express (Century Square),,any,5812,Dining,medium,1,2026-05
Swee Choon Tim Sum Restaurant,,any,5812,Dining,medium,1,2026-05
Swensen'S,,any,5812,Dining,medium,1,2026-05
Symmetry,,any,5812,Dining,medium,1,2026-05
Ta Community,,any,5812,Dining,medium,1,2026-05
Taan Iza-Bar,,any,5812,Dining,medium,1,2026-05
Table At 7,,any,5812,Dining,medium,1,2026-05
Tag Espresso At Takashimaya S.C.,,any,5812,Dining,medium,1,2026-05
Tai Er 太二酸菜鱼 (Great World City),,any,5812,Dining,medium,1,2026-05
Tajimaya Yakiniku,,any,5812,Dining,medium,1,2026-05
Takayama Japanese Restaurant,,any,5812,Dining,medium,1,2026-05
Takeshi-San,,any,5812,Dining,medium,1,2026-05
Taki Izakaya Bar,,any,5812,Dining,medium,1,2026-05
Taliwang Restaurant,,any,5812,Dining,medium,1,2026-05
Tamago En,,any,5812,Dining,medium,1,2026-05
Tamago-En (Nex),,any,5812,Dining,medium,1,2026-05
Tamarind Hill,,any,5812,Dining,medium,1,2026-05
Tambuah Mas,,any,5812,Dining,medium,1,2026-05
Tambuah Mas Indonesian Restaurant (Great World),,any,5812,Dining,medium,1,2026-05
Tamoya Udon,,any,5812,Dining,medium,1,2026-05
Tampopo,,any,5812,Dining,medium,1,2026-05
Tan Yu Fish Shop,,any,5812,Dining,medium,1,2026-05
Tanamera Coffee - Marina Square,,any,5812,Dining,medium,1,2026-05
Tanamera Coffee - My Village,,any,5812,Dining,medium,1,2026-05
Tandoor,,any,5812,Dining,medium,1,2026-05
Tandoor Lounge,,any,5812,Dining,medium,1,2026-05
Tandoori Corner,,any,5812,Dining,medium,1,2026-05
Tandoori Flame,,any,5812,Dining,medium,1,2026-05
Tangled.Sg,,online,5812,Dining,medium,1,2026-05
Tanglin Cookhouse,,any,5812,Dining,medium,1,2026-05
Tangmen Restaurant,,any,5812,Dining,medium,1,2026-05
Tanjong Hwaro 2,,any,5812,Dining,medium,1,2026-05
Tanoke,,any,5812,Dining,medium,1,2026-05
Tanuki Raw,,any,5812,Dining,medium,1,2026-05
Tapasu Oyster Gastro Bar,,any,5812,Dining,medium,1,2026-05
Tarboush (Bugis),,any,5812,Dining,medium,1,2026-05
Tarboush (Orchard),,any,5812,Dining,medium,1,2026-05
Tarte By Cheryl Koh (Raffles City),,any,5812,Dining,medium,1,2026-05
Taste By Tunglok,,any,5812,Dining,medium,1,2026-05
Taste Of India,,any,5812,Dining,medium,1,2026-05
Taste Paradise,,any,5812,Dining,medium,1,2026-05
Tea Lounge,,any,5812,Dining,medium,1,2026-05
Tea Tree Cafe,,any,5812,Dining,medium,1,2026-05
Tee Deck,,any,5812,Dining,medium,1,2026-05
Tekong Seafood Restaurant,,any,5812,Dining,medium,1,2026-05
Temasek Culinary Academy The Top Table,,any,5812,Dining,medium,1,2026-05
Tempt,,any,5812,Dining,medium,1,2026-05
Tempura Makino,,any,5812,Dining,medium,1,2026-05
Tempura Makino (Great World),,any,5812,Dining,medium,1,2026-05
Tempura Makino (Jewel Changi Airport),,any,5812,Dining,medium,1,2026-05
Tempura Makino (Suntec City),,any,5812,Dining,medium,1,2026-05
Tempura Makino (Vivo City),,any,5812,Dining,medium,1,2026-05
Tempura Udon By Mizuya,,any,5812,Dining,medium,1,2026-05
Ten Sushi,,any,5812,Dining,medium,1,2026-05
Ten+,,any,5812,Dining,medium,1,2026-05
Tenderbest Hgg,,any,5812,Dining,medium,1,2026-05
Tendon Itsuki,,any,5812,Dining,medium,1,2026-05
Tengoku Yakiniku,,any,5812,Dining,medium,1,2026-05
Tenkaichi Japanese Bbq Restaurant,,any,5812,Dining,medium,1,2026-05
Tenkaichi Japanese Bbq Restaurant (Marina Square),,any,5812,Dining,medium,1,2026-05
Tensho By Mof,,any,5812,Dining,medium,1,2026-05
Tenuta By Park90,,any,5812,Dining,medium,1,2026-05
Teochew Restaurant Huat Kee,,any,5812,Dining,medium,1,2026-05
Teppan Chef'S Table,,any,5812,Dining,medium,1,2026-05
Teppan Works,,any,5812,Dining,medium,1,2026-05
Teppan-Yaki,,any,5812,Dining,medium,1,2026-05
Terrace Chinese Kitchen,,any,5812,Dining,medium,1,2026-05
Tha Siam Authentic Thai Kitchen,,any,5812,Dining,medium,1,2026-05
Thachang (Bugis Junction),,any,5812,Dining,medium,1,2026-05
Thai Accent,,any,5812,Dining,medium,1,2026-05
Thai Affair,,any,5812,Dining,medium,1,2026-05
Thai Tai,,any,5812,Dining,medium,1,2026-05
Thank You Come Again,,any,5812,Dining,medium,1,2026-05
Thanying Restaurant,,any,5812,Dining,medium,1,2026-05
That Wine Place,,any,5812,Dining,medium,1,2026-05
The Artisan Cafe,,any,5812,Dining,medium,1,2026-05
The Astor Grill By St. Regis,,any,5812,Dining,medium,1,2026-05
The Backdrop,,any,5812,Dining,medium,1,2026-05
The Bar At 15 Stamford,,any,5812,Dining,medium,1,2026-05
The Boiler (Buona Vista),,any,5812,Dining,medium,1,2026-05
The Boiler (Esplanade),,any,5812,Dining,medium,1,2026-05
The Brewing Ground,,any,5812,Dining,medium,1,2026-05
The Buffet,,any,5812,Dining,medium,1,2026-05
The Butcher'S Dining,,any,5812,Dining,medium,1,2026-05
The Butcher'S Wife,,any,5812,Dining,medium,1,2026-05
The Butcher'S Wife (Tiong Bahru),,any,5812,Dining,medium,1,2026-05
The Carpenters Bar,,any,5812,Dining,medium,1,2026-05
The Chop House,,any,5812,Dining,medium,1,2026-05
The Cliff (Sofitel Sentosa),,any,5812,Dining,medium,1,2026-05
The Coconut Club,,any,5812,Dining,medium,1,2026-05
The Coffee Academics,,any,5812,Dining,medium,1,2026-05
The Coffee Academics (Millenia Walk),,any,5812,Dining,medium,1,2026-05
The Coffee Academics(Rc),,any,5812,Dining,medium,1,2026-05
The Coffee Academics@,,any,5812,Dining,medium,1,2026-05
The Corner Grill,,any,5812,Dining,medium,1,2026-05
The Curry Culture,,any,5812,Dining,medium,1,2026-05
The Daily Scoop,,any,5812,Dining,medium,1,2026-05
The Dempsey Cookhouse And Bar,,any,5812,Dining,medium,1,2026-05
The Dempsey Project,,any,5812,Dining,medium,1,2026-05
The Dim Sum Place (Changi City Point),,any,5812,Dining,medium,1,2026-05
The Dim Sum Place (Superbowl Jurong),,any,5812,Dining,medium,1,2026-05
The Dim Sum Place (The Centrepoint),,any,5812,Dining,medium,1,2026-05
The Dining Room,,any,5812,Dining,medium,1,2026-05
The Eight,,any,5812,Dining,medium,1,2026-05
The English House,,any,5812,Dining,medium,1,2026-05
The Exchange,,any,5812,Dining,medium,1,2026-05
The Famous Kitchen,,any,5812,Dining,medium,1,2026-05
The Feather Blade (Tanjong Pagar),,any,5812,Dining,medium,1,2026-05
The Flying Squirrel (Amoy Street),,any,5812,Dining,medium,1,2026-05
The Gong By Drinks&Co (Duo Galleria),,any,5812,Dining,medium,1,2026-05
The Grand Lobby (Raffles Hotel),,any,5812,Dining,medium,1,2026-05
The Grumpy Grizzly,,any,5812,Dining,medium,1,2026-05
The Gyu Bar,,any,5812,Dining,medium,1,2026-05
The Halia At Singapore Botanic Gardens,,any,5812,Dining,medium,1,2026-05
The Hitsuji Club,,any,5812,Dining,medium,1,2026-05
The House Chungdam,,any,5812,Dining,medium,1,2026-05
The House Of Robert Timms,,any,5812,Dining,medium,1,2026-05
The Kitchen Table,,any,5812,Dining,medium,1,2026-05
The Kitchen Table (W Singapore - Sentosa Cove),,any,5812,Dining,medium,1,2026-05
The Landmark,,any,5812,Dining,medium,1,2026-05
The Landmark Restaurant,,any,5812,Dining,medium,1,2026-05
The Line,,any,5812,Dining,medium,1,2026-05
The Lobby Lounge At Intercontinental Singapore,,any,5812,Dining,medium,1,2026-05
The Lobby Lounge At Shangri-La Hotel,,any,5812,Dining,medium,1,2026-05
The Lodge,,any,5812,Dining,medium,1,2026-05
The Maha Co,,any,5812,Dining,medium,1,2026-05
The Malayan Council (Bussorah Street),,any,5812,Dining,medium,1,2026-05
The Malayan Council (Dunlop),,any,5812,Dining,medium,1,2026-05
The Malayan Council (Esplanade),,any,5812,Dining,medium,1,2026-05
The Malayan Council (Fullerton),,any,5812,Dining,medium,1,2026-05
The Malayan Council (Winstedt),,any,5812,Dining,medium,1,2026-05
The Mandarin Cake Shop,,any,5812,Dining,medium,1,2026-05
The Marmalade Pantry,,any,5812,Dining,medium,1,2026-05
The Marmalade Pantry (Anchorpoint),,any,5812,Dining,medium,1,2026-05
The Marmalade Pantry (Downtown),,any,5812,Dining,medium,1,2026-05
The Marmalade Pantry (Ion Orchard),,any,5812,Dining,medium,1,2026-05
The Marmalade Pantry (Novena),,any,5812,Dining,medium,1,2026-05
The Masons Table,,any,5812,Dining,medium,1,2026-05
The Meathouse,,any,5812,Dining,medium,1,2026-05
The Meathouse By 18Chefs,,any,5812,Dining,medium,1,2026-05
The Mediterranean Deli Turk,,any,5812,Dining,medium,1,2026-05
The Mind Cafe,,any,5812,Dining,medium,1,2026-05
The Other Room,,any,5812,Dining,medium,1,2026-05
The Paddock Bistro,,any,5812,Dining,medium,1,2026-05
The Populus Coffee & Food Co.,,any,5812,Dining,medium,1,2026-05
The Providore,,any,5812,Dining,medium,1,2026-05
The Providore (Mandarin Gallery),,any,5812,Dining,medium,1,2026-05
The Providore (Plq),,any,5812,Dining,medium,1,2026-05
The Providore (Raffles City Shopping Centre),,any,5812,Dining,medium,1,2026-05
The Providore (Raffles Place),,any,5812,Dining,medium,1,2026-05
The Providore (Vivocity),,any,5812,Dining,medium,1,2026-05
The Providore (Wisma Atria),,any,5812,Dining,medium,1,2026-05
The Public Izakaya 2,,any,5812,Dining,medium,1,2026-05
The Queen'S Pub,,any,5812,Dining,medium,1,2026-05
The Ranch Steakhouse & Bar By Astons,,any,5812,Dining,medium,1,2026-05
The Refinery,,any,5812,Dining,medium,1,2026-05
The Restaurant @ Spgg,,any,5812,Dining,medium,1,2026-05
The Rose Veranda,,any,5812,Dining,medium,1,2026-05
The Royals Cafe,,any,5812,Dining,medium,1,2026-05
The Runway Cafe & Bar,,any,5812,Dining,medium,1,2026-05
The Seagrill,,any,5812,Dining,medium,1,2026-05
The Social Space (Duo Galleria),,any,5812,Dining,medium,1,2026-05
The Social Space (Kreta Ayer),,any,5812,Dining,medium,1,2026-05
The Spot,,any,5812,Dining,medium,1,2026-05
The Spread (Nus),,any,5812,Dining,medium,1,2026-05
The Stamford Brasserie,,any,5812,Dining,medium,1,2026-05
The Store Sg,,any,5812,Dining,medium,1,2026-05
The Summerhouse,,any,5812,Dining,medium,1,2026-05
The Sushi Bar,,any,5812,Dining,medium,1,2026-05
The Tavern Restaurant,,any,5812,Dining,medium,1,2026-05
The Tree Cafe,,any,5812,Dining,medium,1,2026-05
The Tribe,,any,5812,Dining,medium,1,2026-05
The Werkx Cafe,,any,5812,Dining,medium,1,2026-05
The Wine Bar (Greenwood),,any,5812,Dining,medium,1,2026-05
The Winery Gourmet Bar,,any,5812,Dining,medium,1,2026-05
The Winery Tapas | Bar,,any,5812,Dining,medium,1,2026-05
Therebelcompanycafe&Amp;Bar,,any,5812,Dining,medium,1,2026-05
Thevar,,any,5812,Dining,medium,1,2026-05
Thirsty Horse,,any,5812,Dining,medium,1,2026-05
Thirsty Neko,,any,5812,Dining,medium,1,2026-05
Thomson Curry,,any,5812,Dining,medium,1,2026-05
Three. By Garamika,,any,5812,Dining,medium,1,2026-05
Tigress,,any,5812,Dining,medium,1,2026-05
Timbre Signatures,,any,5812,Dining,medium,1,2026-05
Tinto Spanish Restaurant,,any,5812,Dining,medium,1,2026-05
Tiong Bahru Bakery,,any,5812,Dining,medium,1,2026-05
Tipsy Bird Gastrobar,,any,5812,Dining,medium,1,2026-05
Tipsy Bunny,,any,5812,Dining,medium,1,2026-05
Tipsy Flamingo,,any,5812,Dining,medium,1,2026-05
Tipsy Hippo,,any,5812,Dining,medium,1,2026-05
Tipsy Panda,,any,5812,Dining,medium,1,2026-05
Tipsy Penguin,,any,5812,Dining,medium,1,2026-05
Tiram,,any,5812,Dining,medium,1,2026-05
Toast Box,,any,5812,Dining,medium,1,2026-05
Togather (Kitchen & Bar),,any,5812,Dining,medium,1,2026-05
Tokyo Shokudo,,any,5812,Dining,medium,1,2026-05
Tokyo Yakiniku Heijoen,,any,5812,Dining,medium,1,2026-05
Tom N Toms,,any,5812,Dining,medium,1,2026-05
Tom'S Palette,,any,5812,Dining,medium,1,2026-05
Tomahawk Contemporary Steakhouse (Novena),,any,5812,Dining,medium,1,2026-05
Tomahawk Contemporary Steakhouse (Raffles),,any,5812,Dining,medium,1,2026-05
Tomo Izakaya,,any,5812,Dining,medium,1,2026-05
Tomo Tokyo,,any,5812,Dining,medium,1,2026-05
Tong Le Private Dining,,any,5812,Dining,medium,1,2026-05
Tongue Tip Lanzhou Beef Noodle 舌尖尖兰州牛肉拉面 (via Kris+),,online,5812,Dining,medium,1,2026-05
Tonito Latin American Kitchen,,any,5812,Dining,medium,1,2026-05
Tonkatsu By Ma Maison,,any,5812,Dining,medium,1,2026-05
Tonkatsu Enbiton,,any,5812,Dining,medium,1,2026-05
Tonkatsu Enbiton (313),,any,5812,Dining,medium,1,2026-05
Tonkatsu Enbiton (Causeway Point),,any,5812,Dining,medium,1,2026-05
Tonkatsu Enbiton (Suntec City),,any,5812,Dining,medium,1,2026-05
Tonkatsu Enbiton (Vivocity),,any,5812,Dining,medium,1,2026-05
Tonkatsu Enbiton Changi City Point,,any,5812,Dining,medium,1,2026-05
Tonkichi (Isetan Scotts),,any,5812,Dining,medium,1,2026-05
Tonkichi (Takashimaya),,any,5812,Dining,medium,1,2026-05
Tonkotsu Kazan Ramen,,any,5812,Dining,medium,1,2026-05
Tonny Restaurant,,any,5812,Dining,medium,1,2026-05
Tono Izakaya,,any,5812,Dining,medium,1,2026-05
Tora Tora Tora,,any,5812,Dining,medium,1,2026-05
Torasho Ramen & Charcoal Bar,,any,5812,Dining,medium,1,2026-05
Tori Q,,any,5812,Dining,medium,1,2026-05
Tori Yama Yakitori,,any,5812,Dining,medium,1,2026-05
Torio Japanese Restaurant,,any,5812,Dining,medium,1,2026-05
Torno Subito,,any,5812,Dining,medium,1,2026-05
Toss & Turn Salad Bar,,any,5812,Dining,medium,1,2026-05
Toto Seafood,,any,5812,Dining,medium,1,2026-05
Town Restaurant,,any,5812,Dining,medium,1,2026-05
Trapizza,,any,5812,Dining,medium,1,2026-05
Trattoria Nonna Lina,,any,5812,Dining,medium,1,2026-05
Treasures Noodle & Congee House,,any,5812,Dining,medium,1,2026-05
Treasures Yi Dian Xin,,any,5812,Dining,medium,1,2026-05
Triple Three,,any,5812,Dining,medium,1,2026-05
Trivial Restrobar,,any,5812,Dining,medium,1,2026-05
Tropical Fanatsy Cafe,,any,5812,Dining,medium,1,2026-05
Trovato,,any,5812,Dining,medium,1,2026-05
Trovato Restaurant,,any,5812,Dining,medium,1,2026-05
Tsui Wah,,any,5812,Dining,medium,1,2026-05
Tsujiri,,any,5812,Dining,medium,1,2026-05
Tsukiji Sushi Ten,,any,5812,Dining,medium,1,2026-05
Tsukiji Unagi Shokudo,,any,5812,Dining,medium,1,2026-05
Tung Lok Seafood-Jr,,any,5812,Dining,medium,1,2026-05
Tung Lok Seafood-Pr,,any,5812,Dining,medium,1,2026-05
Tunglok Heen,,any,5812,Dining,medium,1,2026-05
Tunglok Peking Duck (Orchard Central),,any,5812,Dining,medium,1,2026-05
Tunglok Peking Duck (Velocity@Novena Square),,any,5812,Dining,medium,1,2026-05
Tunglok Seafood,,any,5812,Dining,medium,1,2026-05
Tunglok Seafood (D’Arena (Jurong)),,any,5812,Dining,medium,1,2026-05
Tunglok Seafood (Gardens By The Bay),,any,5812,Dining,medium,1,2026-05
Tunglok Seafood (Orchard Central),,any,5812,Dining,medium,1,2026-05
Tunglok Seafood (Park Regis By Prince Singapore),,any,5812,Dining,medium,1,2026-05
Tunglok Seafood (Paya Lebar Quarter Mall),,any,5812,Dining,medium,1,2026-05
Tunglok Signatures,,any,5812,Dining,medium,1,2026-05
Tunglok Signatures (Clarke Quay Central),,any,5812,Dining,medium,1,2026-05
Tunglok Signatures (Orchard Rendezvous Hotel),,any,5812,Dining,medium,1,2026-05
Tunglok Teahouse,,any,5812,Dining,medium,1,2026-05
Tunglok Teahouse (Square 2),,any,5812,Dining,medium,1,2026-05
Tunglok Xihe Peking Duck,,any,5812,Dining,medium,1,2026-05
Turning Point Of Paramus,,any,5812,Dining,medium,1,2026-05
Tuxedo Café & Pâtisserie At Carlton City Hotel,,any,5812,Dining,medium,1,2026-05
Two Blur Guys,,any,5812,Dining,medium,1,2026-05
Txa Gastrobar,,any,5812,Dining,medium,1,2026-05
Tz Bar And Bistro,,any,5812,Dining,medium,1,2026-05
Tóng Lè Private Dining,,any,5812,Dining,medium,1,2026-05
Ub3 Bistro,,any,5812,Dining,medium,1,2026-05
Uber Eats,,online,5812,Dining,medium,1,2026-05
Udders,,any,5812,Dining,medium,1,2026-05
Umami 10,,any,5812,Dining,medium,1,2026-05
Una,,any,5812,Dining,medium,1,2026-05
Una At The Alkaff Mansion,,any,5812,Dining,medium,1,2026-05
Una Una (Bugis+),,any,5812,Dining,medium,1,2026-05
Una Una Vivocity,,any,5812,Dining,medium,1,2026-05
Unagiya Ichinoji (Robertson Quay),,any,5812,Dining,medium,1,2026-05
Unatoto (Guoco Tower),,any,5812,Dining,medium,1,2026-05
Unatoto (Novena Square),,any,5812,Dining,medium,1,2026-05
Unazen,,any,5812,Dining,medium,1,2026-05
Uncle Leong Signatures (Fairprice Hub),,any,5812,Dining,medium,1,2026-05
Uni Gallery,,any,5812,Dining,medium,1,2026-05
Uouo,,any,5812,Dining,medium,1,2026-05
Upward Taproom Craft Beer Bar,,any,5812,Dining,medium,1,2026-05
Ureshii,,any,5812,Dining,medium,1,2026-05
Ushidoki Wagyu Kaiseki,,any,5812,Dining,medium,1,2026-05
Ushiyama Yakiniku,,any,5812,Dining,medium,1,2026-05
Uya 炭焼活鰻料理 Charcoal-Grill Live Unagi Cuisine (Orchard),,any,5812,Dining,medium,1,2026-05
Vatos Urban Tacos (City House),,any,5812,Dining,medium,1,2026-05
Verandah @ Rael'S,,any,5812,Dining,medium,1,2026-05
Verandah Rooftop Rotisserie,,any,5812,Dining,medium,1,2026-05
Vibe,,any,5812,Dining,medium,1,2026-05
Vibes Cafe,,any,5812,Dining,medium,1,2026-05
Vibez Bistro Bar,,any,5812,Dining,medium,1,2026-05
Vienna International Seafood & Teppanyaki Restaurant,,any,5812,Dining,medium,1,2026-05
Vienna International Seafood Buffet,,any,5812,Dining,medium,1,2026-05
Vineyard Bistro,,any,5812,Dining,medium,1,2026-05
Violet Oon Singapore,,any,5812,Dining,medium,1,2026-05
Violet Oon Singapore (Ion Orchard),,any,5812,Dining,medium,1,2026-05
Violet Oon Singapore (Jewel Changi Airport),,any,5812,Dining,medium,1,2026-05
Viva Loca International (Live Music),,any,5812,Dining,medium,1,2026-05
Volare,,any,5812,Dining,medium,1,2026-05
Vue,,online,5812,Dining,medium,1,2026-05
Wa-En Wagyu Yakiniku,,any,5812,Dining,medium,1,2026-05
Waa Cow! (Change Alley Mall),,any,5812,Dining,medium,1,2026-05
Waa Cow! (Marina One),,any,5812,Dining,medium,1,2026-05
Waffle Zone,,any,5812,Dining,medium,1,2026-05
Wagatomo,,any,5812,Dining,medium,1,2026-05
Wagyu Jin,,any,5812,Dining,medium,1,2026-05
Wagyu X,,any,5812,Dining,medium,1,2026-05
Waitrr,,online,5812,Dining,medium,1,2026-05
Waku-Shin Yakiniku,,any,5812,Dining,medium,1,2026-05
Wallich Manor,,any,5812,Dining,medium,1,2026-05
Wan Hao Chinese Restaurant,,any,5812,Dining,medium,1,2026-05
Wanderlust Cafe,,any,5812,Dining,medium,1,2026-05
Wang Cafe,,any,5812,Dining,medium,1,2026-05
Wang Omakase,,any,5812,Dining,medium,1,2026-05
Wangzi Music Restaurant,,any,5812,Dining,medium,1,2026-05
Warren Golf,,any,5812,Dining,medium,1,2026-05
Washoku Goen,,any,5812,Dining,medium,1,2026-05
Waterfall Ristorante Italiano,,any,5812,Dining,medium,1,2026-05
Wee Nam Kee,,any,5812,Dining,medium,1,2026-05
Wei Geng Shu Wei 味耕蜀味,,any,5812,Dining,medium,1,2026-05
West Coz Cafe,,any,5812,Dining,medium,1,2026-05
Westend,,any,5812,Dining,medium,1,2026-05
Whiskey Library & Jazz Club,,any,5812,Dining,medium,1,2026-05
White Bee Hoon Restaurant,,any,5812,Dining,medium,1,2026-05
White Marble,,any,5812,Dining,medium,1,2026-05
White Rose Cafe,,any,5812,Dining,medium,1,2026-05
Wild Amber,,any,5812,Dining,medium,1,2026-05
Wild Blaze,,any,5812,Dining,medium,1,2026-05
Wild Honey,,any,5812,Dining,medium,1,2026-05
Wild Honey At Bugis,,any,5812,Dining,medium,1,2026-05
Wild Honey At Mandarin Gallery,,any,5812,Dining,medium,1,2026-05
Wildseed Bar,,any,5812,Dining,medium,1,2026-05
Wildseed Bar & Grill At 1-Flowerhill,,any,5812,Dining,medium,1,2026-05
Wildseed Cafe,,any,5812,Dining,medium,1,2026-05
Wildseed Cafe At The Alkaff Mansion,,any,5812,Dining,medium,1,2026-05
Wildseed Cafe At The Summerhouse,,any,5812,Dining,medium,1,2026-05
Wildseed Café At 1-Flowerhill,,any,5812,Dining,medium,1,2026-05
Wildseed Grill & Bar,,any,5812,Dining,medium,1,2026-05
Wine Connection,,any,5812,Dining,medium,1,2026-05
Wine Universe Restaurant & Bar,,any,5812,Dining,medium,1,2026-05
Winestone,,any,5812,Dining,medium,1,2026-05
Winestone.Sg,,online,5812,Dining,medium,1,2026-05
Wok Masters,,any,5812,Dining,medium,1,2026-05
Wok°15 Kitchen,,any,5812,Dining,medium,1,2026-05
Wolfgang'S Steakhouse By Wolfgang Zwiener Singapore,,any,5812,Dining,medium,1,2026-05
Wooloomooloo Steakhouse,,any,5812,Dining,medium,1,2026-05
Woop Woop,,any,5812,Dining,medium,1,2026-05
World Tea House,,any,5812,Dining,medium,1,2026-05
Writers Bar,,any,5812,Dining,medium,1,2026-05
Wu Wang Guo,,any,5812,Dining,medium,1,2026-05
Www.Comodempsey.Sg,,online,5812,Dining,medium,1,2026-05
Xi Yan Shaw,,any,5812,Dining,medium,1,2026-05
Xiabuxiabu - Lazada One,,online,5812,Dining,medium,1,2026-05
Xian De Lai,,any,5812,Dining,medium,1,2026-05
Xiao Long Kan Hotpot (Bedok),,any,5812,Dining,medium,1,2026-05
Xiao Long Kan Hotpot (Bugis),,any,5812,Dining,medium,1,2026-05
Xiao Long Kan Hotpot (Chinatown),,any,5812,Dining,medium,1,2026-05
Xiao Long Kan Hotpot (Orchard),,any,5812,Dining,medium,1,2026-05
Xiao Long Kan Hotpot (Westgate),,any,5812,Dining,medium,1,2026-05
Xiao Ya Tou,,any,5812,Dining,medium,1,2026-05
Xiaoyanzi Tomato Hot Pot At Clarke Quay Central,,any,5812,Dining,medium,1,2026-05
Xin Cuisine Chinese Restaurant,,any,5812,Dining,medium,1,2026-05
Xin Wang Hong Kong Cafe,,any,5812,Dining,medium,1,2026-05
Xycd @ Circular Road [小菜一碟],,any,5812,Dining,medium,1,2026-05
Ya Ge,,any,5812,Dining,medium,1,2026-05
Ya Kun Kaya Toast,,any,5812,Dining,medium,1,2026-05
Yahava Koffeeworks,,any,5812,Dining,medium,1,2026-05
Yakiniku Like,,any,5812,Dining,medium,1,2026-05
Yakiniku Like-Cm1,,any,5812,Dining,medium,1,2026-05
Yakiniku Shokudo,,any,5812,Dining,medium,1,2026-05
Yakiniku Taro,,any,5812,Dining,medium,1,2026-05
Yakiniku-Go - Jem,,any,5812,Dining,medium,1,2026-05
Yakiniku-Oh (Cuppage Plaza),,any,5812,Dining,medium,1,2026-05
Yakoolzuna,,any,5812,Dining,medium,1,2026-05
Yan Cantonese Restaurant,,any,5812,Dining,medium,1,2026-05
Yan Lai Ju (宴来居),,any,5812,Dining,medium,1,2026-05
Yan Ting (The St. Regis Singapore),,any,5812,Dining,medium,1,2026-05
Yan Xi Tang (Yew Tee Mrt),,any,5812,Dining,medium,1,2026-05
Yantra,,any,5812,Dining,medium,1,2026-05
Yarana,,any,5812,Dining,medium,1,2026-05
Yard Bird,,any,5812,Dining,medium,1,2026-05
Yardbird,,any,5812,Dining,medium,1,2026-05
Yassin Kampung (Admiralty),,any,5812,Dining,medium,1,2026-05
Yayoi,,any,5812,Dining,medium,1,2026-05
Yechun Xiao Jiang Nan,,any,5812,Dining,medium,1,2026-05
Yellow Cab Pizza Co.,,any,5812,Dining,medium,1,2026-05
Yellow Pot,,any,5812,Dining,medium,1,2026-05
Yen Izakaya Premium 円居酒屋,,any,5812,Dining,medium,1,2026-05
Yen Izakaya 円居酒屋,,any,5812,Dining,medium,1,2026-05
Yi Dian Xin,,any,5812,Dining,medium,1,2026-05
Yi Jia South Village Seafood,,any,5812,Dining,medium,1,2026-05
Yi Pin Ju Chinese Restaurant / 一品居中餐馆 （川菜 / 东北菜）,,any,5812,Dining,medium,1,2026-05
Yi Qian Private Dining,,any,5812,Dining,medium,1,2026-05
Yin,,any,5812,Dining,medium,1,2026-05
Yokohama Ramen,,any,5812,Dining,medium,1,2026-05
Yolofoods,,any,5812,Dining,medium,1,2026-05
Yoogane,,any,5812,Dining,medium,1,2026-05
Yoru Omakase,,any,5812,Dining,medium,1,2026-05
Youngs Restaurant & Bar,,any,5812,Dining,medium,1,2026-05
Yue Bar 悦酒吧,,any,5812,Dining,medium,1,2026-05
Yue Private Dining 悦私宴,,any,5812,Dining,medium,1,2026-05
Yujin Izakaya,,any,5812,Dining,medium,1,2026-05
Yum Cha Express,,any,5812,Dining,medium,1,2026-05
Yummo Chow,,any,5812,Dining,medium,1,2026-05
Yuta,,any,5812,Dining,medium,1,2026-05
Zaffron,,any,5812,Dining,medium,1,2026-05
Zing By Xi Yan,,any,5812,Dining,medium,1,2026-05
Zorba,,any,5812,Dining,medium,1,2026-05
Zorba The Greek Taverna – Café & Restaurant,,any,5812,Dining,medium,1,2026-05
必定 Coincidence,,any,5812,Dining,medium,1,2026-05
藝Yì By Jereme Leung,,any,5812,Dining,medium,1,2026-05
酒庄 Jiu Zhuang,,any,5812,Dining,medium,1,2026-05
鮓煋 Sushi Sei,,any,5812,Dining,medium,1,2026-05
Absolute Sound,,any,5732,Electronics,medium,1,2026-05
Aftershock,,any,5732,Electronics,medium,1,2026-05
An Digital Lock,,any,5732,Electronics,medium,1,2026-05
An Digital Lock Pl(12M),,any,5732,Electronics,medium,1,2026-05
Analogue+,,any,5732,Electronics,medium,1,2026-05
Apple,,any,5732,Electronics,medium,1,2026-05
Apple Education Store,,any,5732,Electronics,medium,1,2026-05
Audio House,,any,5732,Electronics,medium,1,2026-05
Ban Leong Technologies Limited,,any,5732,Electronics,medium,1,2026-05
Best Buy,,any,5732,Electronics,medium,1,2026-05
Best Denki,,any,5732,Electronics,medium,1,2026-05
Betta,,any,5732,Electronics,medium,1,2026-05
Bose,,any,5732,Electronics,medium,1,2026-05
Breville,,online,5732,Electronics,medium,1,2026-05
Century Square,,any,5732,Electronics,medium,1,2026-05
Cinch,,online,5732,Electronics,medium,1,2026-05
Compasia Sg,,any,5732,Electronics,medium,1,2026-05
Computer Universe,,any,5732,Electronics,medium,1,2026-05
Creative,,any,5732,Electronics,medium,1,2026-05
Dell,,online,5732,Electronics,medium,1,2026-05
Doge Tune,,any,5732,Electronics,medium,1,2026-05
Dyson,,any,5732,Electronics,medium,1,2026-05
Epicentre,,any,5732,Electronics,medium,1,2026-05
Eplanetworld.Com,,online,5732,Electronics,medium,1,2026-05
Europace,,any,5732,Electronics,medium,1,2026-05
Gadget Mix,,any,5732,Electronics,medium,1,2026-05
Gadget Plus,,any,5732,Electronics,medium,1,2026-05
Gain City,,any,5732,Electronics,medium,1,2026-05
Gamepro Shop,,any,5732,Electronics,medium,1,2026-05
Gear Best,,online,5732,Electronics,medium,1,2026-05
Hachi.Tech,,online,5732,Electronics,medium,1,2026-05
Insta360,,online,5732,Electronics,medium,1,2026-05
Istudio,,any,5732,Electronics,medium,1,2026-05
Jabra,,online,5732,Electronics,medium,1,2026-05
Klipsch,,any,5732,Electronics,medium,1,2026-05
Lumos Projector,,any,5732,Electronics,medium,1,2026-05
Lumosprojector.Ph,,online,5732,Electronics,medium,1,2026-05
Luxus Digital,,online,5732,Electronics,medium,1,2026-05
Mayer,,any,5732,Electronics,medium,1,2026-05
Metapod.Com,,online,5732,Electronics,medium,1,2026-05
Microsoft Store,,any,5732,Electronics,medium,1,2026-05
Mobile Life,,any,5732,Electronics,medium,1,2026-05
Mobilestop,,any,5732,Electronics,medium,1,2026-05
Newegg,,online,5732,Electronics,medium,1,2026-05
Nubox,,any,5732,Electronics,medium,1,2026-05
Olight Australia,,any,5732,Electronics,medium,1,2026-05
Otterbox,,any,5732,Electronics,medium,1,2026-05
Parisilk,,online,5732,Electronics,medium,1,2026-05
Philips,,any,5732,Electronics,medium,1,2026-05
Powerhouse,,any,5732,Electronics,medium,1,2026-05
Prism+,,online,5732,Electronics,medium,1,2026-05
Rationaleco,,online,5732,Electronics,medium,1,2026-05
Razer,,online,5732,Electronics,medium,1,2026-05
Samsung,,any,5732,Electronics,medium,1,2026-05
Samsung Education Store,,any,5732,Electronics,medium,1,2026-05
Secret Lab,,any,5732,Electronics,medium,1,2026-05
Sennheiser Online,,online,5732,Electronics,medium,1,2026-05
Shop Viewsonic Sg,,any,5732,Electronics,medium,1,2026-05
Sony,,any,5732,Electronics,medium,1,2026-05
Stereo,,any,5732,Electronics,medium,1,2026-05
Videopro,,any,5732,Electronics,medium,1,2026-05
Woodlands Domestic,,any,5732,Electronics,medium,1,2026-05
Xiaomi,,any,5732,Electronics,medium,1,2026-05
Zeppelin & Co,,any,5732,Electronics,medium,1,2026-05
049-St17 (Rasapura),,any,5814,Fast Food / Cafe,medium,1,2026-05
1-Arden,,any,5814,Fast Food / Cafe,medium,1,2026-05
18Chefs,,any,5814,Fast Food / Cafe,medium,1,2026-05
1Doc Bistro Heartbeat@Bedok,,any,5814,Fast Food / Cafe,medium,1,2026-05
21 On Rajah,,any,5814,Fast Food / Cafe,medium,1,2026-05
3 Cheers Patisserie,,any,5814,Fast Food / Cafe,medium,1,2026-05
4Fingers@T1,,any,5814,Fast Food / Cafe,medium,1,2026-05
5 On 25,,any,5814,Fast Food / Cafe,medium,1,2026-05
665 Degrees Fahrenheit,,any,5814,Fast Food / Cafe,medium,1,2026-05
8 Korean Bbq @ Orchard (Shaw Centre),,any,5814,Fast Food / Cafe,medium,1,2026-05
A Kitchen 友间厨房 (Bukit Merah),,any,5814,Fast Food / Cafe,medium,1,2026-05
A Pasta Bar,,any,5814,Fast Food / Cafe,medium,1,2026-05
A Poke Theory,,any,5814,Fast Food / Cafe,medium,1,2026-05
A&W,,any,5814,Fast Food / Cafe,medium,1,2026-05
A-One Claypot House @ Causeway Point,,any,5814,Fast Food / Cafe,medium,1,2026-05
Ahimsa Caf»,,any,5814,Fast Food / Cafe,medium,1,2026-05
Ajisen Ramen,,any,5814,Fast Food / Cafe,medium,1,2026-05
Al-Basha Take Out Only,,any,5814,Fast Food / Cafe,medium,1,2026-05
Allo French Cuisine,,any,5814,Fast Food / Cafe,medium,1,2026-05
Ameising Live House,,any,5814,Fast Food / Cafe,medium,1,2026-05
An Duyên Chợ Lớn - Ẩm Thực Trung Hoa,,any,5814,Fast Food / Cafe,medium,1,2026-05
Arnolds Fried Chicken,,any,5814,Fast Food / Cafe,medium,1,2026-05
Aston'S,,any,5814,Fast Food / Cafe,medium,1,2026-05
Attap House,,any,5814,Fast Food / Cafe,medium,1,2026-05
Auntie Anne'S,,any,5814,Fast Food / Cafe,medium,1,2026-05
Auresys Pl,,any,5814,Fast Food / Cafe,medium,1,2026-05
Aux Lyonnais,,any,5814,Fast Food / Cafe,medium,1,2026-05
Awadh,,any,5814,Fast Food / Cafe,medium,1,2026-05
Bacino'S Of Lincoln Park,,any,5814,Fast Food / Cafe,medium,1,2026-05
Banana Leaf: Malaysian Cuisine,,any,5814,Fast Food / Cafe,medium,1,2026-05
BAOS PASTRY 鲍师傅糕点,,any,5814,Fast Food / Cafe,medium,1,2026-05
Bara,,any,5814,Fast Food / Cafe,medium,1,2026-05
Beard Papa,,any,5814,Fast Food / Cafe,medium,1,2026-05
Beef Bro,,any,5814,Fast Food / Cafe,medium,1,2026-05
Benoit New York,,any,5814,Fast Food / Cafe,medium,1,2026-05
Bertsica Co Pte Ltd,,any,5814,Fast Food / Cafe,medium,1,2026-05
Best Chinese American Restaurant In Town,,any,5814,Fast Food / Cafe,medium,1,2026-05
Better Days Cafe & Bar,,any,5814,Fast Food / Cafe,medium,1,2026-05
Bettr Barista,,any,5814,Fast Food / Cafe,medium,1,2026-05
Bettrcoffee,,any,5814,Fast Food / Cafe,medium,1,2026-05
Big Fish Small Fish,,any,5814,Fast Food / Cafe,medium,1,2026-05
Biryani Cart,,online,5814,Fast Food / Cafe,medium,1,2026-05
Blue Tijuana,,any,5814,Fast Food / Cafe,medium,1,2026-05
Bobo Vending Machine,,any,5814,Fast Food / Cafe,medium,1,2026-05
Bonding Kitchen,,any,5814,Fast Food / Cafe,medium,1,2026-05
Bowl Chap,,any,5814,Fast Food / Cafe,medium,1,2026-05
Boxgreen,,online,5814,Fast Food / Cafe,medium,1,2026-05
Bt Merah View Stall,,any,5814,Fast Food / Cafe,medium,1,2026-05
Burlamacco Ristorante,,any,5814,Fast Food / Cafe,medium,1,2026-05
Burnt Cones,,any,5814,Fast Food / Cafe,medium,1,2026-05
Cafe Oriental Amara Hotel,,any,5814,Fast Food / Cafe,medium,1,2026-05
Cali - Raffles Place,,any,5814,Fast Food / Cafe,medium,1,2026-05
Canadian Pizza,,any,5814,Fast Food / Cafe,medium,1,2026-05
Carl'S Jr,,any,5814,Fast Food / Cafe,medium,1,2026-05
Carl'S Junior,,any,5814,Fast Food / Cafe,medium,1,2026-05
Cassia,,any,5814,Fast Food / Cafe,medium,1,2026-05
Cendra Tapas Bar & Grill,,any,5814,Fast Food / Cafe,medium,1,2026-05
Ceylonese Crabs,,any,5814,Fast Food / Cafe,medium,1,2026-05
Chaktuchak,,any,5814,Fast Food / Cafe,medium,1,2026-05
Chatime,,any,5814,Fast Food / Cafe,medium,1,2026-05
Cheeselads,,any,5814,Fast Food / Cafe,medium,1,2026-05
Chicken Up,,any,5814,Fast Food / Cafe,medium,1,2026-05
Chilli Padi Nonya Restaurant,,any,5814,Fast Food / Cafe,medium,1,2026-05
Chin Lee,,any,5814,Fast Food / Cafe,medium,1,2026-05
Chocolate Origin,,any,5814,Fast Food / Cafe,medium,1,2026-05
Chopsuey Cafe Dempsey,,any,5814,Fast Food / Cafe,medium,1,2026-05
Clover Plant Based Kitchen And Bar,,any,5814,Fast Food / Cafe,medium,1,2026-05
Coconut Queen,,any,5814,Fast Food / Cafe,medium,1,2026-05
Coffee Smith,,any,5814,Fast Food / Cafe,medium,1,2026-05
Craftsmen Specialty Coffee,,any,5814,Fast Food / Cafe,medium,1,2026-05
Crossroads,,any,5814,Fast Food / Cafe,medium,1,2026-05
Daizu Cafe,,any,5814,Fast Food / Cafe,medium,1,2026-05
Daun Bistro,,any,5814,Fast Food / Cafe,medium,1,2026-05
Decker Barbecue,,any,5814,Fast Food / Cafe,medium,1,2026-05
Delibowl Ricebowl 壹碗 @ Paya Lebar,,any,5814,Fast Food / Cafe,medium,1,2026-05
Domino'S Pizza,,any,5814,Fast Food / Cafe,medium,1,2026-05
Donatzu,,any,5814,Fast Food / Cafe,medium,1,2026-05
Donergy Turkish,,any,5814,Fast Food / Cafe,medium,1,2026-05
Dont Yell At Me Toronto,,any,5814,Fast Food / Cafe,medium,1,2026-05
Dr Smood,,any,5814,Fast Food / Cafe,medium,1,2026-05
Each A Cup,,any,5814,Fast Food / Cafe,medium,1,2026-05
East Bistro Se,,any,5814,Fast Food / Cafe,medium,1,2026-05
Eat,,any,5814,Fast Food / Cafe,medium,1,2026-05
Eatzi Gourmet Steakhouse & Bistro,,any,5814,Fast Food / Cafe,medium,1,2026-05
Eggslut,,any,5814,Fast Food / Cafe,medium,1,2026-05
Eighteen Chefs,,any,5814,Fast Food / Cafe,medium,1,2026-05
El Fuego,,any,5814,Fast Food / Cafe,medium,1,2026-05
Elemen (Millenia Walk),,any,5814,Fast Food / Cafe,medium,1,2026-05
Em,,any,5814,Fast Food / Cafe,medium,1,2026-05
Embassy 1967,,any,5814,Fast Food / Cafe,medium,1,2026-05
Enak Enak Restaurant,,any,5814,Fast Food / Cafe,medium,1,2026-05
Encik Tan,,any,5814,Fast Food / Cafe,medium,1,2026-05
Epikebabs,,any,5814,Fast Food / Cafe,medium,1,2026-05
Ernesto'S,,any,5814,Fast Food / Cafe,medium,1,2026-05
Escape Latino,,any,5814,Fast Food / Cafe,medium,1,2026-05
Espoir,,any,5814,Fast Food / Cafe,medium,1,2026-05
Essen @ Pinnacle,,any,5814,Fast Food / Cafe,medium,1,2026-05
Evelyn'S Kitchen,,any,5814,Fast Food / Cafe,medium,1,2026-05
Farangse.Com,,online,5814,Fast Food / Cafe,medium,1,2026-05
Fat Belly Social Steak,,any,5814,Fast Food / Cafe,medium,1,2026-05
Fatboys Burger Bar,,any,5814,Fast Food / Cafe,medium,1,2026-05
Fi Woodfire Thai,,any,5814,Fast Food / Cafe,medium,1,2026-05
Fish Soup Paradise - Rp,,any,5814,Fast Food / Cafe,medium,1,2026-05
Fishball Story,,any,5814,Fast Food / Cafe,medium,1,2026-05
Five Spice,,any,5814,Fast Food / Cafe,medium,1,2026-05
Fleurato,,any,5814,Fast Food / Cafe,medium,1,2026-05
Food For Life,,any,5814,Fast Food / Cafe,medium,1,2026-05
Food Junction,,any,5814,Fast Food / Cafe,medium,1,2026-05
Four Fingers,,any,5814,Fast Food / Cafe,medium,1,2026-05
Fragrant Garden,,any,5814,Fast Food / Cafe,medium,1,2026-05
Francesca'S,,any,5814,Fast Food / Cafe,medium,1,2026-05
Fun Toast,,any,5814,Fast Food / Cafe,medium,1,2026-05
Fuskahouse_Nyc (Bengali Street Food),,any,5814,Fast Food / Cafe,medium,1,2026-05
Georges @ Changi (Seafix),,any,5814,Fast Food / Cafe,medium,1,2026-05
Get*Thai Collective,,any,5814,Fast Food / Cafe,medium,1,2026-05
Gig Cafe (Tampines),,any,5814,Fast Food / Cafe,medium,1,2026-05
Gig Cafe (Toa Payoh),,any,5814,Fast Food / Cafe,medium,1,2026-05
Golden Peony,,any,5814,Fast Food / Cafe,medium,1,2026-05
Gong Cha,,any,5814,Fast Food / Cafe,medium,1,2026-05
Gongcha,,any,5814,Fast Food / Cafe,medium,1,2026-05
Good Food Life,,any,5814,Fast Food / Cafe,medium,1,2026-05
Goodlato,,any,5814,Fast Food / Cafe,medium,1,2026-05
Gourmet Paradise,,any,5814,Fast Food / Cafe,medium,1,2026-05
Grab Food,,online,5814,Fast Food / Cafe,medium,1,2026-05
Grand Sichuan,,any,5814,Fast Food / Cafe,medium,1,2026-05
Greendot,,any,5814,Fast Food / Cafe,medium,1,2026-05
Greenhouse Bistro,,any,5814,Fast Food / Cafe,medium,1,2026-05
Group Therapy Cse,,any,5814,Fast Food / Cafe,medium,1,2026-05
Grumpy Bear(51 Amk),,any,5814,Fast Food / Cafe,medium,1,2026-05
Guerilla Coffee (Kallang Riverside),,any,5814,Fast Food / Cafe,medium,1,2026-05
Guzman Y Gomez,,any,5814,Fast Food / Cafe,medium,1,2026-05
Haakon,,any,5814,Fast Food / Cafe,medium,1,2026-05
Habanero Mexican Grill,,any,5814,Fast Food / Cafe,medium,1,2026-05
Hans,,any,5814,Fast Food / Cafe,medium,1,2026-05
Heytea,,any,5814,Fast Food / Cafe,medium,1,2026-05
Hokkaido Ramen Santouka,,any,5814,Fast Food / Cafe,medium,1,2026-05
Hokkaido-Ya,,any,5814,Fast Food / Cafe,medium,1,2026-05
Honeymoon Dessert,,any,5814,Fast Food / Cafe,medium,1,2026-05
Hua Ting Restaurant,,any,5814,Fast Food / Cafe,medium,1,2026-05
Huevos River Valley,,any,5814,Fast Food / Cafe,medium,1,2026-05
Hui Restaurant,,any,5814,Fast Food / Cafe,medium,1,2026-05
Hundred Grains 百米香,,any,5814,Fast Food / Cafe,medium,1,2026-05
Hutong New York,,any,5814,Fast Food / Cafe,medium,1,2026-05
Ikea Resturant,,any,5814,Fast Food / Cafe,medium,1,2026-05
Ikigai Omakase,,any,5814,Fast Food / Cafe,medium,1,2026-05
Ikigai Sushi & Izakaya,,any,5814,Fast Food / Cafe,medium,1,2026-05
Il Cielo,,any,5814,Fast Food / Cafe,medium,1,2026-05
Il Forno,,any,5814,Fast Food / Cafe,medium,1,2026-05
Imperial Treasure,,any,5814,Fast Food / Cafe,medium,1,2026-05
Inochi,,any,5814,Fast Food / Cafe,medium,1,2026-05
Island Creamery,,any,5814,Fast Food / Cafe,medium,1,2026-05
Isteaks Diner,,any,5814,Fast Food / Cafe,medium,1,2026-05
Itea,,any,5814,Fast Food / Cafe,medium,1,2026-05
Jett Barbecue,,any,5814,Fast Food / Cafe,medium,1,2026-05
Jewel Of India,,any,5814,Fast Food / Cafe,medium,1,2026-05
Jia Jia Le,,any,5814,Fast Food / Cafe,medium,1,2026-05
Jia Xiang Mee,,any,5814,Fast Food / Cafe,medium,1,2026-05
Jiang'S Kitchen 疆湖,,any,5814,Fast Food / Cafe,medium,1,2026-05
Jidai Restaurant,,any,5814,Fast Food / Cafe,medium,1,2026-05
Jinjja Chicken,,any,5814,Fast Food / Cafe,medium,1,2026-05
Jinjo,,any,5814,Fast Food / Cafe,medium,1,2026-05
Joe & Dough,,any,5814,Fast Food / Cafe,medium,1,2026-05
Joe &Amp; Dough,,any,5814,Fast Food / Cafe,medium,1,2026-05
Jollibean,,any,5814,Fast Food / Cafe,medium,1,2026-05
Jollibee,,any,5814,Fast Food / Cafe,medium,1,2026-05
Joy Luck Teahouse@Bugis,,any,5814,Fast Food / Cafe,medium,1,2026-05
Joy Luck Teahouse@Ion,,any,5814,Fast Food / Cafe,medium,1,2026-05
Joy Luck Teahouse@J8,,any,5814,Fast Food / Cafe,medium,1,2026-05
Kaeden Cafe,,any,5814,Fast Food / Cafe,medium,1,2026-05
Kai Kai Sushi & Grill By Teppei,,any,5814,Fast Food / Cafe,medium,1,2026-05
Kakushin,,any,5814,Fast Food / Cafe,medium,1,2026-05
Kan Sushi (Robertson Quay),,any,5814,Fast Food / Cafe,medium,1,2026-05
Kane Mochi,,any,5814,Fast Food / Cafe,medium,1,2026-05
Kazo,,any,5814,Fast Food / Cafe,medium,1,2026-05
Kebabwala,,any,5814,Fast Food / Cafe,medium,1,2026-05
Khun Noo Thai Noodle House,,any,5814,Fast Food / Cafe,medium,1,2026-05
Killiney Kopitiam,,any,5814,Fast Food / Cafe,medium,1,2026-05
Kimly Coffeeshop,,any,5814,Fast Food / Cafe,medium,1,2026-05
King,,any,5814,Fast Food / Cafe,medium,1,2026-05
Kinn Derm,,any,5814,Fast Food / Cafe,medium,1,2026-05
Koko Black,,any,5814,Fast Food / Cafe,medium,1,2026-05
Komme Tampines,,any,5814,Fast Food / Cafe,medium,1,2026-05
Kontiki,,any,5814,Fast Food / Cafe,medium,1,2026-05
Kopi &Amp; Tarts,,any,5814,Fast Food / Cafe,medium,1,2026-05
Kopi Alley,,any,5814,Fast Food / Cafe,medium,1,2026-05
Kopi Tarts,,any,5814,Fast Food / Cafe,medium,1,2026-05
Kopifellas,,any,5814,Fast Food / Cafe,medium,1,2026-05
Kopifellas@Expo,,any,5814,Fast Food / Cafe,medium,1,2026-05
Koufu,,any,5814,Fast Food / Cafe,medium,1,2026-05
Kowloon Café,,any,5814,Fast Food / Cafe,medium,1,2026-05
La Diagonal Agaveria,,any,5814,Fast Food / Cafe,medium,1,2026-05
La Fonda,,any,5814,Fast Food / Cafe,medium,1,2026-05
La Lola Churreria,,any,5814,Fast Food / Cafe,medium,1,2026-05
Lad & Co,,any,5814,Fast Food / Cafe,medium,1,2026-05
Le Steak Singapore,,any,5814,Fast Food / Cafe,medium,1,2026-05
Lenu Noodle Bar,,any,5814,Fast Food / Cafe,medium,1,2026-05
Liang Zai Mala,,any,5814,Fast Food / Cafe,medium,1,2026-05
Lime & Salt Restaurant Bar,,any,5814,Fast Food / Cafe,medium,1,2026-05
Long John Silvers,,any,5814,Fast Food / Cafe,medium,1,2026-05
Luce By Davide Giacomelli,,any,5814,Fast Food / Cafe,medium,1,2026-05
Luckin Coffee,,any,5814,Fast Food / Cafe,medium,1,2026-05
Lucky Cuisine,,any,5814,Fast Food / Cafe,medium,1,2026-05
Madass,,any,5814,Fast Food / Cafe,medium,1,2026-05
Madlygood,,online,5814,Fast Food / Cafe,medium,1,2026-05
Maguro Samurai,,any,5814,Fast Food / Cafe,medium,1,2026-05
Mam Mam,,any,5814,Fast Food / Cafe,medium,1,2026-05
Man Dangdang,,any,5814,Fast Food / Cafe,medium,1,2026-05
Man Fu Yuan Restaurant,,any,5814,Fast Food / Cafe,medium,1,2026-05
Maru Mochi,,any,5814,Fast Food / Cafe,medium,1,2026-05
Masizzim 313@Somerset,,any,5814,Fast Food / Cafe,medium,1,2026-05
Mastercard Cafe,,any,5814,Fast Food / Cafe,medium,1,2026-05
Matchaya,,any,5814,Fast Food / Cafe,medium,1,2026-05
Maxx Coffee,,any,5814,Fast Food / Cafe,medium,1,2026-05
Mcdonalds,,any,5814,Fast Food / Cafe,medium,1,2026-05
Meadesmoore,,any,5814,Fast Food / Cafe,medium,1,2026-05
Meme Bistro Bar,,any,5814,Fast Food / Cafe,medium,1,2026-05
Memo Shish Kebab,,any,5814,Fast Food / Cafe,medium,1,2026-05
Menzo Butao @ Changi City Point,,any,5814,Fast Food / Cafe,medium,1,2026-05
Mincheng Bibimbap 민정비빔밥 敏丁拌饭,,any,5814,Fast Food / Cafe,medium,1,2026-05
Mirai Robatayaki & Sushi,,any,5814,Fast Food / Cafe,medium,1,2026-05
Moca Asian Bistro - Queens,,any,5814,Fast Food / Cafe,medium,1,2026-05
Molten Diners,,any,5814,Fast Food / Cafe,medium,1,2026-05
Moon Juice Kombucha,,any,5814,Fast Food / Cafe,medium,1,2026-05
Moon Juice Pte Ltd,,any,5814,Fast Food / Cafe,medium,1,2026-05
Morganfield'S Vivocity,,any,5814,Fast Food / Cafe,medium,1,2026-05
Morganfieldssg,,any,5814,Fast Food / Cafe,medium,1,2026-05
Mos Burger,,any,5814,Fast Food / Cafe,medium,1,2026-05
Mos Cafe,,any,5814,Fast Food / Cafe,medium,1,2026-05
Mr Bean,,any,5814,Fast Food / Cafe,medium,1,2026-05
Mr Coconut,,any,5814,Fast Food / Cafe,medium,1,2026-05
Mr Onigiri,,any,5814,Fast Food / Cafe,medium,1,2026-05
Ms Durian,,any,5814,Fast Food / Cafe,medium,1,2026-05
Muchachos,,any,5814,Fast Food / Cafe,medium,1,2026-05
Mui Kee Shaw,,any,5814,Fast Food / Cafe,medium,1,2026-05
Munchi Pancakes,,any,5814,Fast Food / Cafe,medium,1,2026-05
Namaste Curry House,,any,5814,Fast Food / Cafe,medium,1,2026-05
Nan Yang Dao,,any,5814,Fast Food / Cafe,medium,1,2026-05
Natsumi,,any,5814,Fast Food / Cafe,medium,1,2026-05
Nene Chicken-Bpp,,any,5814,Fast Food / Cafe,medium,1,2026-05
New Asha Sri Lanka Restaurant,,any,5814,Fast Food / Cafe,medium,1,2026-05
New Manlee Bak Kut Teh 新萬利肉骨茶 - Bugis+ Mall,,any,5814,Fast Food / Cafe,medium,1,2026-05
Niku Iku,,any,5814,Fast Food / Cafe,medium,1,2026-05
Nimbus,,any,5814,Fast Food / Cafe,medium,1,2026-05
Noka,,any,5814,Fast Food / Cafe,medium,1,2026-05
Nomiya Izakaya & Sake Bar,,any,5814,Fast Food / Cafe,medium,1,2026-05
Nozomi (Millenia Walk),,any,5814,Fast Food / Cafe,medium,1,2026-05
Nusa Indonesian Grill,,any,5814,Fast Food / Cafe,medium,1,2026-05
Nyonyas And Gentlemen,,any,5814,Fast Food / Cafe,medium,1,2026-05
Oak & Ember,,any,5814,Fast Food / Cafe,medium,1,2026-05
Oberstrasse Ca,,any,5814,Fast Food / Cafe,medium,1,2026-05
Oh My Goodness Kids,,any,5814,Fast Food / Cafe,medium,1,2026-05
Old Chang Kee,,any,5814,Fast Food / Cafe,medium,1,2026-05
Old Hen Coffee,,any,5814,Fast Food / Cafe,medium,1,2026-05
Old Seng Choong,,any,5814,Fast Food / Cafe,medium,1,2026-05
Olivia Restaurant & Lounge,,any,5814,Fast Food / Cafe,medium,1,2026-05
Omoomo,,any,5814,Fast Food / Cafe,medium,1,2026-05
One Dine At One World Observatory,,any,5814,Fast Food / Cafe,medium,1,2026-05
Onlycreamery,,any,5814,Fast Food / Cafe,medium,1,2026-05
Opus Bar & Grill,,any,5814,Fast Food / Cafe,medium,1,2026-05
Orange And Teal,,any,5814,Fast Food / Cafe,medium,1,2026-05
Oriental Palace,,any,5814,Fast Food / Cafe,medium,1,2026-05
Oscar'S Place,,any,5814,Fast Food / Cafe,medium,1,2026-05
Papi'S Tacos Katong,,any,5814,Fast Food / Cafe,medium,1,2026-05
Paris Baguette,,any,5814,Fast Food / Cafe,medium,1,2026-05
Pasquale'S Rigoletto,,any,5814,Fast Food / Cafe,medium,1,2026-05
Peony Jade (Amara Singapore),,any,5814,Fast Food / Cafe,medium,1,2026-05
Peony Jade @ Amara Singapore,,any,5814,Fast Food / Cafe,medium,1,2026-05
Peony Seafood Restaurant,,any,5814,Fast Food / Cafe,medium,1,2026-05
Pepper Lunch,,any,5814,Fast Food / Cafe,medium,1,2026-05
Pezzo,,any,5814,Fast Food / Cafe,medium,1,2026-05
Picolino (Balestier),,any,5814,Fast Food / Cafe,medium,1,2026-05
Pixie Nail Spa,,any,5814,Fast Food / Cafe,medium,1,2026-05
Pizza Hut,,any,5814,Fast Food / Cafe,medium,1,2026-05
Pot Pa Hot Pot,,any,5814,Fast Food / Cafe,medium,1,2026-05
Professor Brawn Bistro,,any,5814,Fast Food / Cafe,medium,1,2026-05
Project Acai,,any,5814,Fast Food / Cafe,medium,1,2026-05
Ps.Cafe Jewel,,any,5814,Fast Food / Cafe,medium,1,2026-05
Ps.Cafe Katong,,any,5814,Fast Food / Cafe,medium,1,2026-05
Ps.Cafe One Fullerton,,any,5814,Fast Food / Cafe,medium,1,2026-05
Publico Ristorante,,any,5814,Fast Food / Cafe,medium,1,2026-05
Pye Boat Noodle,,any,5814,Fast Food / Cafe,medium,1,2026-05
Qiji,,any,5814,Fast Food / Cafe,medium,1,2026-05
Qtech Cafe,,any,5814,Fast Food / Cafe,medium,1,2026-05
R&B Tea,,any,5814,Fast Food / Cafe,medium,1,2026-05
Raffles Courtyard,,any,5814,Fast Food / Cafe,medium,1,2026-05
Ramen Dining Keisuke Tokyo [Capitol Singapore],,any,5814,Fast Food / Cafe,medium,1,2026-05
Randy Indulgence Acai Bar,,any,5814,Fast Food / Cafe,medium,1,2026-05
Red House,,any,5814,Fast Food / Cafe,medium,1,2026-05
Redhill - Valley Point,,any,5814,Fast Food / Cafe,medium,1,2026-05
Restaurant,,any,5814,Fast Food / Cafe,medium,1,2026-05
Restaurant El Meson Nerudiano,,any,5814,Fast Food / Cafe,medium,1,2026-05
Restaurant Saveur Thaï,,any,5814,Fast Food / Cafe,medium,1,2026-05
Ricciotti (Riverwalk),,any,5814,Fast Food / Cafe,medium,1,2026-05
Riviera,,any,5814,Fast Food / Cafe,medium,1,2026-05
Royale,,any,5814,Fast Food / Cafe,medium,1,2026-05
Saba'S Pizza,,any,5814,Fast Food / Cafe,medium,1,2026-05
"Sabio By The Sea, Tapas Bar & Grill",,any,5814,Fast Food / Cafe,medium,1,2026-05
Saladstop,,any,5814,Fast Food / Cafe,medium,1,2026-05
Salted Caramel (Science Park),,any,5814,Fast Food / Cafe,medium,1,2026-05
Salted Caramel (Upper Thomson),,any,5814,Fast Food / Cafe,medium,1,2026-05
Sandwich Shop,,any,5814,Fast Food / Cafe,medium,1,2026-05
Saporita,,any,5814,Fast Food / Cafe,medium,1,2026-05
Sats,,any,5814,Fast Food / Cafe,medium,1,2026-05
Senor Taco,,any,5814,Fast Food / Cafe,medium,1,2026-05
Sens Dining,,any,5814,Fast Food / Cafe,medium,1,2026-05
Sens Et Saveurs Manosque,,any,5814,Fast Food / Cafe,medium,1,2026-05
Senshi Pte. Ltd.,,any,5814,Fast Food / Cafe,medium,1,2026-05
Seoul Kitchen,,any,5814,Fast Food / Cafe,medium,1,2026-05
Señor Taco Chijmes,,any,5814,Fast Food / Cafe,medium,1,2026-05
SF Fruits & Juices,,any,5814,Fast Food / Cafe,medium,1,2026-05
Shabestan,,any,5814,Fast Food / Cafe,medium,1,2026-05
Shabu-Tatsu,,any,5814,Fast Food / Cafe,medium,1,2026-05
Shake Shack,,any,5814,Fast Food / Cafe,medium,1,2026-05
Shang Social,,any,5814,Fast Food / Cafe,medium,1,2026-05
Shangeri-La Restaurant,,any,5814,Fast Food / Cafe,medium,1,2026-05
Shin Yeh Taiwanese Signature Tm Midtown Branch,,any,5814,Fast Food / Cafe,medium,1,2026-05
Shinya Izakaya,,any,5814,Fast Food / Cafe,medium,1,2026-05
Shisen Hanten By Chen Kentaro,,any,5814,Fast Food / Cafe,medium,1,2026-05
Shokudo,,any,5814,Fast Food / Cafe,medium,1,2026-05
Shoushin Izakaya & Sake Bar,,any,5814,Fast Food / Cafe,medium,1,2026-05
Si Chuan Dou Hua Restaurant - Beach Road,,any,5814,Fast Food / Cafe,medium,1,2026-05
Si Chuan Dou Hua Restaurant-Kitchener Road,,any,5814,Fast Food / Cafe,medium,1,2026-05
Sichuan Alley,,any,5814,Fast Food / Cafe,medium,1,2026-05
Sip Wine Bistro,,any,5814,Fast Food / Cafe,medium,1,2026-05
Siri House,,any,5814,Fast Food / Cafe,medium,1,2026-05
Skewer Hot Pot,,any,5814,Fast Food / Cafe,medium,1,2026-05
Skirt Restaurant,,any,5814,Fast Food / Cafe,medium,1,2026-05
Skosh,,any,5814,Fast Food / Cafe,medium,1,2026-05
Skycafe On Wall Street,,any,5814,Fast Food / Cafe,medium,1,2026-05
Smith & Wollensky,,any,5814,Fast Food / Cafe,medium,1,2026-05
Soi Aroy@Sim Lim Square,,any,5814,Fast Food / Cafe,medium,1,2026-05
Song Garden Chinese Restaurant,,any,5814,Fast Food / Cafe,medium,1,2026-05
Soul Smoothie Bar,,any,5814,Fast Food / Cafe,medium,1,2026-05
Soup Spoon,,any,5814,Fast Food / Cafe,medium,1,2026-05
South Side Keppel,,any,5814,Fast Food / Cafe,medium,1,2026-05
Southwest@Punggol,,any,5814,Fast Food / Cafe,medium,1,2026-05
Spize,,any,5814,Fast Food / Cafe,medium,1,2026-05
Stackz,,any,5814,Fast Food / Cafe,medium,1,2026-05
Streats,,any,5814,Fast Food / Cafe,medium,1,2026-05
Stuff'D,,any,5814,Fast Food / Cafe,medium,1,2026-05
Subway,,any,5814,Fast Food / Cafe,medium,1,2026-05
Suki-Suki Thai Hot Pot,,any,5814,Fast Food / Cafe,medium,1,2026-05
Sumiyaki Japan,,any,5814,Fast Food / Cafe,medium,1,2026-05
Super Loco Customs House,,any,5814,Fast Food / Cafe,medium,1,2026-05
Super Tea,,any,5814,Fast Food / Cafe,medium,1,2026-05
Super Thai By Soi Aroy @ Upper Aljunied,,any,5814,Fast Food / Cafe,medium,1,2026-05
Superitto,,any,5814,Fast Food / Cafe,medium,1,2026-05
Sushi Deli,,any,5814,Fast Food / Cafe,medium,1,2026-05
Sushi Express,,any,5814,Fast Food / Cafe,medium,1,2026-05
Sushi Jiro At Parkroyal Marina Bay,,any,5814,Fast Food / Cafe,medium,1,2026-05
Sushi On Jones X Don Wagyu,,any,5814,Fast Food / Cafe,medium,1,2026-05
Sushi Seki,,any,5814,Fast Food / Cafe,medium,1,2026-05
Swee Choon Express (Amk),,any,5814,Fast Food / Cafe,medium,1,2026-05
Swee Heng,,any,5814,Fast Food / Cafe,medium,1,2026-05
Swee Heng 1989,,any,5814,Fast Food / Cafe,medium,1,2026-05
Swiss Chuchi Restaurant,,any,5814,Fast Food / Cafe,medium,1,2026-05
Swissbake,,any,5814,Fast Food / Cafe,medium,1,2026-05
Synthesis,,any,5814,Fast Food / Cafe,medium,1,2026-05
Syun,,any,5814,Fast Food / Cafe,medium,1,2026-05
Tablescape Restaurant And Bar,,any,5814,Fast Food / Cafe,medium,1,2026-05
Tajine Moroccan Tapas & Cocktail Bar,,any,5814,Fast Food / Cafe,medium,1,2026-05
Tamarind Hill Singapore,,any,5814,Fast Food / Cafe,medium,1,2026-05
Tambuah Mas Indonesian Restaurant (Paragon),,any,5814,Fast Food / Cafe,medium,1,2026-05
Tanamera Coffee,,any,5814,Fast Food / Cafe,medium,1,2026-05
Tangs Market,,any,5814,Fast Food / Cafe,medium,1,2026-05
Tara Thai,,any,5814,Fast Food / Cafe,medium,1,2026-05
Taste Restaurant,,any,5814,Fast Food / Cafe,medium,1,2026-05
Tenderfresh,,any,5814,Fast Food / Cafe,medium,1,2026-05
Teng Bespoke,,any,5814,Fast Food / Cafe,medium,1,2026-05
Test Store for Telegram,,online,5814,Fast Food / Cafe,medium,1,2026-05
Texas Chicken,,any,5814,Fast Food / Cafe,medium,1,2026-05
Thachang (Telok Ayer),,any,5814,Fast Food / Cafe,medium,1,2026-05
Thachang Sg,,any,5814,Fast Food / Cafe,medium,1,2026-05
The Cliff,,any,5814,Fast Food / Cafe,medium,1,2026-05
The Coffee Bean & Tea Leaf,,any,5814,Fast Food / Cafe,medium,1,2026-05
The Curry Club Signature,,any,5814,Fast Food / Cafe,medium,1,2026-05
The Daily Cut,,any,5814,Fast Food / Cafe,medium,1,2026-05
The Dim Sum Place (Bugis),,any,5814,Fast Food / Cafe,medium,1,2026-05
The Grumpy Bear (Thomson),,any,5814,Fast Food / Cafe,medium,1,2026-05
The Hainan Story,,any,5814,Fast Food / Cafe,medium,1,2026-05
The House Bar,,any,5814,Fast Food / Cafe,medium,1,2026-05
The Mango Tree,,any,5814,Fast Food / Cafe,medium,1,2026-05
The Market,,any,5814,Fast Food / Cafe,medium,1,2026-05
The Providore (Downtown),,any,5814,Fast Food / Cafe,medium,1,2026-05
The Ramen House,,any,5814,Fast Food / Cafe,medium,1,2026-05
The Ramen Stall,,any,5814,Fast Food / Cafe,medium,1,2026-05
The Sandwich Shop,,any,5814,Fast Food / Cafe,medium,1,2026-05
The Social Alley,,any,5814,Fast Food / Cafe,medium,1,2026-05
Tien Court Restaurant,,any,5814,Fast Food / Cafe,medium,1,2026-05
Tiffin Room (Raffles Hotel),,any,5814,Fast Food / Cafe,medium,1,2026-05
Tim Ho Wan,,any,5814,Fast Food / Cafe,medium,1,2026-05
Tim Hortons,,any,5814,Fast Food / Cafe,medium,1,2026-05
Toast Box - Mlbm,,any,5814,Fast Food / Cafe,medium,1,2026-05
Tomo Japanese Fusion,,any,5814,Fast Food / Cafe,medium,1,2026-05
Tonito Latin American Kitchen @ Jewel,,any,5814,Fast Food / Cafe,medium,1,2026-05
Tori-Q Eastpoint Mall,,any,5814,Fast Food / Cafe,medium,1,2026-05
Tori-Sanwa,,any,5814,Fast Food / Cafe,medium,1,2026-05
Tossed,,online,5814,Fast Food / Cafe,medium,1,2026-05
Trattoria Dell'Arte,,any,5814,Fast Food / Cafe,medium,1,2026-05
Tsuta Japanese Soba Noodles,,any,5814,Fast Food / Cafe,medium,1,2026-05
Tuan Yuan Pork Ribs Soup,,any,5814,Fast Food / Cafe,medium,1,2026-05
Tun Xiang Hokkien Delights,,any,5814,Fast Food / Cafe,medium,1,2026-05
Twelve Cupcakes,,any,5814,Fast Food / Cafe,medium,1,2026-05
Twenty Grammes,,any,5814,Fast Food / Cafe,medium,1,2026-05
Unisoln,,any,5814,Fast Food / Cafe,medium,1,2026-05
Vatos Urban Tacos,,any,5814,Fast Food / Cafe,medium,1,2026-05
Veranda,,any,5814,Fast Food / Cafe,medium,1,2026-05
Vin Geek,,any,5814,Fast Food / Cafe,medium,1,2026-05
Viva Loca (Changi),,any,5814,Fast Food / Cafe,medium,1,2026-05
Wafuken,,any,5814,Fast Food / Cafe,medium,1,2026-05
Walking On Sunshine,,any,5814,Fast Food / Cafe,medium,1,2026-05
White Rose Diner,,any,5814,Fast Food / Cafe,medium,1,2026-05
Wildfire Burgers,,any,5814,Fast Food / Cafe,medium,1,2026-05
Window On The Park,,any,5814,Fast Food / Cafe,medium,1,2026-05
Wingstop,,any,5814,Fast Food / Cafe,medium,1,2026-05
Winnie'S,,any,5814,Fast Food / Cafe,medium,1,2026-05
Wooga Jjajang X Yuk Tan Chobeolgu-I Korean Bbq,,any,5814,Fast Food / Cafe,medium,1,2026-05
Workspace Bar,,any,5814,Fast Food / Cafe,medium,1,2026-05
Wulao Hotpot,,any,5814,Fast Food / Cafe,medium,1,2026-05
Www.Enjoyeating.Sg,,online,5814,Fast Food / Cafe,medium,1,2026-05
Xi Men Jie,,any,5814,Fast Food / Cafe,medium,1,2026-05
Xin Xing,,any,5814,Fast Food / Cafe,medium,1,2026-05
Xing Fu Tang,,any,5814,Fast Food / Cafe,medium,1,2026-05
Xnap,,any,5814,Fast Food / Cafe,medium,1,2026-05
Yakitori Sun-Chan,,any,5814,Fast Food / Cafe,medium,1,2026-05
Yan Asian,,any,5814,Fast Food / Cafe,medium,1,2026-05
Yeast Side,,any,5814,Fast Food / Cafe,medium,1,2026-05
Yew Kee,,any,5814,Fast Food / Cafe,medium,1,2026-05
Yole,,any,5814,Fast Food / Cafe,medium,1,2026-05
Yoshinoya,,any,5814,Fast Food / Cafe,medium,1,2026-05
Yu Cun Curry Fish Head,,any,5814,Fast Food / Cafe,medium,1,2026-05
Yummy Rolls Bedok,,any,5814,Fast Food / Cafe,medium,1,2026-05
味耕蜀味 Weigeng,,any,5814,Fast Food / Cafe,medium,1,2026-05
探鱼 - Tanyu 313@Somerset,,any,5814,Fast Food / Cafe,medium,1,2026-05
19 Marsiling,,any,5411,Grocery,medium,1,2026-05
Agora Products,,any,5411,Grocery,medium,1,2026-05
Aldi,,any,5411,Grocery,medium,1,2026-05
Amazin' Graze,,any,5411,Grocery,medium,1,2026-05
Bi-Lo Supermarkets,,any,5411,Grocery,medium,1,2026-05
Big C Supercenter,,any,5411,Grocery,medium,1,2026-05
Coles,,any,5411,Grocery,medium,1,2026-05
Daimaru Kyoto,,any,5411,Grocery,medium,1,2026-05
Dainobu,,any,5411,Grocery,medium,1,2026-05
Delcies Desserts And Cakes,,any,5411,Grocery,medium,1,2026-05
Dojin,,any,5411,Grocery,medium,1,2026-05
Don Don Donki,,any,5411,Grocery,medium,1,2026-05
E-Z Mart,,any,5411,Grocery,medium,1,2026-05
Eamart,,online,5411,Grocery,medium,1,2026-05
Eatzi’S Market & Bakery,,any,5411,Grocery,medium,1,2026-05
Emporium,,any,5411,Grocery,medium,1,2026-05
Ezship,,online,5411,Grocery,medium,1,2026-05
Family Mart,,any,5411,Grocery,medium,1,2026-05
Food For Less,,any,5411,Grocery,medium,1,2026-05
Foodland,,any,5411,Grocery,medium,1,2026-05
Fred Myer,,any,5411,Grocery,medium,1,2026-05
Giant Hyperfresh,,any,5411,Grocery,medium,1,2026-05
Hao Mart,,any,5411,Grocery,medium,1,2026-05
Honestbee,,online,5411,Grocery,medium,1,2026-05
Iga,,any,5411,Grocery,medium,1,2026-05
Iroha Mart,,any,5411,Grocery,medium,1,2026-05
Jasons Marketplace,,any,5411,Grocery,medium,1,2026-05
Jusco,,any,5411,Grocery,medium,1,2026-05
Katagiri Japanese Grocery,,any,5411,Grocery,medium,1,2026-05
Kroger,,any,5411,Grocery,medium,1,2026-05
La Maison Du Whisky,,any,5411,Grocery,medium,1,2026-05
Little Farms,,any,5411,Grocery,medium,1,2026-05
Little Farms Katong Point Bistro,,any,5411,Grocery,medium,1,2026-05
Magnum X Tigerlily Patisserie,,any,5411,Grocery,medium,1,2026-05
Makena'S Mart,,any,5411,Grocery,medium,1,2026-05
Makro,,any,5411,Grocery,medium,1,2026-05
Maxvalu,,any,5411,Grocery,medium,1,2026-05
Meat Collective,,any,5411,Grocery,medium,1,2026-05
Meat Krafters,,any,5411,Grocery,medium,1,2026-05
Meidi-Ya,,any,5411,Grocery,medium,1,2026-05
Micro Bakery,,any,5411,Grocery,medium,1,2026-05
Milkrun,,online,5411,Grocery,medium,1,2026-05
Mogushop,,online,5411,Grocery,medium,1,2026-05
Neue Mart,,any,5411,Grocery,medium,1,2026-05
Nissin World,,any,5411,Grocery,medium,1,2026-05
Ntuc Club,,any,5411,Grocery,medium,1,2026-05
Opentaste,,online,5411,Grocery,medium,1,2026-05
Phoon Huat,,any,5411,Grocery,medium,1,2026-05
Ralph'S,,any,5411,Grocery,medium,1,2026-05
Restaurant Depot,,any,5411,Grocery,medium,1,2026-05
Rustan'S,,any,5411,Grocery,medium,1,2026-05
Ryans Grocery,,any,5411,Grocery,medium,1,2026-05
Safeway,,any,5411,Grocery,medium,1,2026-05
Sasha'S Fine Foods,,any,5411,Grocery,medium,1,2026-05
Scarlett Supermarket,,any,5411,Grocery,medium,1,2026-05
Scoop Wholefoods,,any,5411,Grocery,medium,1,2026-05
Scoop Wholefoods-I12,,any,5411,Grocery,medium,1,2026-05
Scoop Wholefoods-Jem,,any,5411,Grocery,medium,1,2026-05
Scoop Wholefoods-Paragon,,any,5411,Grocery,medium,1,2026-05
Scoop Wholefoods-Rc,,any,5411,Grocery,medium,1,2026-05
Seoul Brother,,any,5411,Grocery,medium,1,2026-05
Shiki,,any,5411,Grocery,medium,1,2026-05
Shine Korea,,any,5411,Grocery,medium,1,2026-05
Shopwise,,any,5411,Grocery,medium,1,2026-05
Sm Supermarket,,any,5411,Grocery,medium,1,2026-05
So France,,any,5411,Grocery,medium,1,2026-05
Sol Mart,,any,5411,Grocery,medium,1,2026-05
Song Fish,,any,5411,Grocery,medium,1,2026-05
Song Market Place,,any,5411,Grocery,medium,1,2026-05
Sri Murugan,,any,5411,Grocery,medium,1,2026-05
Supernature,,any,5411,Grocery,medium,1,2026-05
Target,,any,5411,Grocery,medium,1,2026-05
test-store,,online,5411,Grocery,medium,1,2026-05
Tigerlily Patisserie,,any,5411,Grocery,medium,1,2026-05
Trader Joe'S Market,,any,5411,Grocery,medium,1,2026-05
Treatsure Concept Store,,any,5411,Grocery,medium,1,2026-05
U Stars Supermarket,,any,5411,Grocery,medium,1,2026-05
Wal-Mart,,any,5411,Grocery,medium,1,2026-05
Whole Foods,,any,5411,Grocery,medium,1,2026-05
Yakun Bedok Mall (App),,online,5411,Grocery,medium,1,2026-05
Yamakawa Super,,any,5411,Grocery,medium,1,2026-05
Accor Hotels,,any,7011,Hotels,medium,1,2026-05
Aleenta Phuket - Phang Nga Resort & Spa,,any,7011,Hotels,medium,1,2026-05
Amanpuri,,any,7011,Hotels,medium,1,2026-05
Amara Hotels &Amp; Resorts,,any,7011,Hotels,medium,1,2026-05
Amoy Hotel,,any,7011,Hotels,medium,1,2026-05
Andaz 5Th Avenue - A Concept By Hyatt,,any,7011,Hotels,medium,1,2026-05
Andaz Singapore,,any,7011,Hotels,medium,1,2026-05
Anya Resort Tagaytay,,any,7011,Hotels,medium,1,2026-05
Aston Kemayoran City Hotel,,any,7011,Hotels,medium,1,2026-05
Atrium Restaurant,,any,7011,Hotels,medium,1,2026-05
Banyan Tree,,any,7011,Hotels,medium,1,2026-05
Banyan Tree Hotels,,any,7011,Hotels,medium,1,2026-05
Bar Intermezzo,,any,7011,Hotels,medium,1,2026-05
Becamex Hotel New City,,any,7011,Hotels,medium,1,2026-05
Becamex Hotel Thu Dau Mot,,any,7011,Hotels,medium,1,2026-05
Binh An Village Da Lat Resort,,any,7011,Hotels,medium,1,2026-05
Broadway American Diner,,any,7011,Hotels,medium,1,2026-05
Capella Hotel Singapore,,any,7011,Hotels,medium,1,2026-05
Capella Singapore,,any,7011,Hotels,medium,1,2026-05
Carlton Hotel,,any,7011,Hotels,medium,1,2026-05
Carousel,,any,7011,Hotels,medium,1,2026-05
Changi Cove,,any,7011,Hotels,medium,1,2026-05
Chatrium Hotel Riverside Bangkok,,any,7011,Hotels,medium,1,2026-05
Como Hotels & Resorts,,any,7011,Hotels,medium,1,2026-05
Comohotels,,online,7011,Hotels,medium,1,2026-05
Conrad Hong Kong,,any,7011,Hotels,medium,1,2026-05
Conrad New York Midtown,,any,7011,Hotels,medium,1,2026-05
Cool Cats,,any,7011,Hotels,medium,1,2026-05
Crimson Resort And Spa Boracay,,any,7011,Hotels,medium,1,2026-05
"Crowne Plaza Saddle Brook, An Ihg Hotel",,any,7011,Hotels,medium,1,2026-05
Dlg Hotel Danang,,any,7011,Hotels,medium,1,2026-05
Dorsett Singapore,,any,7011,Hotels,medium,1,2026-05
Dusit Thani Laguna Singapore,,any,7011,Hotels,medium,1,2026-05
Dusit Thani Lakeview Cairo,,any,7011,Hotels,medium,1,2026-05
Eastin Hotel Kuala Lumpur,,any,7011,Hotels,medium,1,2026-05
Edge,,any,7011,Hotels,medium,1,2026-05
"Edsa Shangri-La, Manila",,any,7011,Hotels,medium,1,2026-05
El Coronado Resort,,any,7011,Hotels,medium,1,2026-05
Element @ Amara Singapore,,any,7011,Hotels,medium,1,2026-05
Food Capital,,any,7011,Hotels,medium,1,2026-05
Four Points Eatery,,any,7011,Hotels,medium,1,2026-05
Fraser Pl Robertson Walk,,any,7011,Hotels,medium,1,2026-05
Goodwood Park Hotel,,any,7011,Hotels,medium,1,2026-05
Grand Candi Hotel,,any,7011,Hotels,medium,1,2026-05
Grand Copthorne Waterfront,,any,7011,Hotels,medium,1,2026-05
Grand Hyatt,,any,7011,Hotels,medium,1,2026-05
Hachimantai Heights,,any,7011,Hotels,medium,1,2026-05
Holiday Inn,,any,7011,Hotels,medium,1,2026-05
"Holiday Inn Resort Kandooma Maldives, An Ihg Hotel",,any,7011,Hotels,medium,1,2026-05
"Holiday Inn Singapore Orchard City Centre, An Ihg Hotel",,any,7011,Hotels,medium,1,2026-05
Hotel Century Southern Tower,,any,7011,Hotels,medium,1,2026-05
Hotel Fort Canning,,any,7011,Hotels,medium,1,2026-05
Hotel Mulia Senayan Jakarta,,any,7011,Hotels,medium,1,2026-05
Hotel Nodo,,any,7011,Hotels,medium,1,2026-05
Hotel Omni Mont-Royal,,any,7011,Hotels,medium,1,2026-05
Hotel Sommelier Boutique,,any,7011,Hotels,medium,1,2026-05
Hotelux,,any,7011,Hotels,medium,1,2026-05
Ihg Hotels,,any,7011,Hotels,medium,1,2026-05
"Iraph Sui, A Luxury Collection Hotel, Miyako Okinawa",,any,7011,Hotels,medium,1,2026-05
J Bar,,any,7011,Hotels,medium,1,2026-05
Js Luwansa,,any,7011,Hotels,medium,1,2026-05
M Hotel,,any,7011,Hotels,medium,1,2026-05
M Social,,any,7011,Hotels,medium,1,2026-05
"Mandarin Oriental, New York",,any,7011,Hotels,medium,1,2026-05
Marina Bay Sands (Hotel),,any,7011,Hotels,medium,1,2026-05
Millenium Hotels,,any,7011,Hotels,medium,1,2026-05
Millennium Downtown New York,,any,7011,Hotels,medium,1,2026-05
Millennium Hotels,,any,7011,Hotels,medium,1,2026-05
Mondrian New York Park Avenue,,any,7011,Hotels,medium,1,2026-05
Mövenpick Tala Bay,,any,7011,Hotels,medium,1,2026-05
Noku Kyoto,,any,7011,Hotels,medium,1,2026-05
Noku Maldives,,any,7011,Hotels,medium,1,2026-05
Noku Osaka,,any,7011,Hotels,medium,1,2026-05
Noku Phuket,,any,7011,Hotels,medium,1,2026-05
Oakwood,,any,7011,Hotels,medium,1,2026-05
Oasia Resort Sentosa,,any,7011,Hotels,medium,1,2026-05
"Olá Santiago Providencia, Tapestry Collection By Hilton",,any,7011,Hotels,medium,1,2026-05
One Farrer Hotel,,any,7011,Hotels,medium,1,2026-05
One&Only Desaru Coast,,any,7011,Hotels,medium,1,2026-05
Onefinestay,,online,7011,Hotels,medium,1,2026-05
Orchard Hotel,,any,7011,Hotels,medium,1,2026-05
Orchard Hotels,,any,7011,Hotels,medium,1,2026-05
Pan Pacific Hotel,,any,7011,Hotels,medium,1,2026-05
Pan Pacific London,,any,7011,Hotels,medium,1,2026-05
Pan Pacific Melbourne,,any,7011,Hotels,medium,1,2026-05
Pan Pacific Perth,,any,7011,Hotels,medium,1,2026-05
Pan Pacific Seattle,,any,7011,Hotels,medium,1,2026-05
Pan Pacific Serviced Suites Beach Road,,any,7011,Hotels,medium,1,2026-05
Pan Pacific Serviced Suites Orchard,,any,7011,Hotels,medium,1,2026-05
Pan Pacific Singapore,,any,7011,Hotels,medium,1,2026-05
Pan Pacific Sonargaon Dhaka,,any,7011,Hotels,medium,1,2026-05
Pan Pacific Toronto,,any,7011,Hotels,medium,1,2026-05
Pan Pacific Vancouver,,any,7011,Hotels,medium,1,2026-05
Pan Pacific Whistler Mountainside,,any,7011,Hotels,medium,1,2026-05
Pan Pacific Whistler Village Centre,,any,7011,Hotels,medium,1,2026-05
Park Regis,,any,7011,Hotels,medium,1,2026-05
Park Royal,,any,7011,Hotels,medium,1,2026-05
Parkroyal,,any,7011,Hotels,medium,1,2026-05
Parkroyal Collection Marina Bay,,any,7011,Hotels,medium,1,2026-05
"Parkroyal Darling Harbour, Sydney",,any,7011,Hotels,medium,1,2026-05
Parkroyal Melbourne Airport,,any,7011,Hotels,medium,1,2026-05
Parkroyal Monash Melbourne,,any,7011,Hotels,medium,1,2026-05
Parkroyal On Kitchener Road,,any,7011,Hotels,medium,1,2026-05
Parkroyal Serviced Suites Kuala Lumpur,,any,7011,Hotels,medium,1,2026-05
"Patina Maldives, Fari Islands",,any,7011,Hotels,medium,1,2026-05
Peninsula Excelsior Hotel,,any,7011,Hotels,medium,1,2026-05
Planet Holiday Hotel & Residence,,any,7011,Hotels,medium,1,2026-05
Pod 39,,any,7011,Hotels,medium,1,2026-05
Prime Park Hotel & Convention Pekanbaru,,any,7011,Hotels,medium,1,2026-05
Pullman Kuala Lumpur Bangsar,,any,7011,Hotels,medium,1,2026-05
Rakuten Travel,,any,7011,Hotels,medium,1,2026-05
Rayz Umm Hotel Malang,,any,7011,Hotels,medium,1,2026-05
Shang Palace,,any,7011,Hotels,medium,1,2026-05
Shangri-La Singapore,,any,7011,Hotels,medium,1,2026-05
Six Senses,,any,7011,Hotels,medium,1,2026-05
Sleep Inn Jfk Airport Rockaway Blvd,,any,7011,Hotels,medium,1,2026-05
Sofitel Dubai Jumeirah Beach,,any,7011,Hotels,medium,1,2026-05
Sofitel Singapore Sentosa Resort &Amp; Spa,,any,7011,Hotels,medium,1,2026-05
Studio M,,any,7011,Hotels,medium,1,2026-05
"Suiran, A Luxury Collection Hotel, Kyoto",,any,7011,Hotels,medium,1,2026-05
Sunflowers Animal Farm Margaret River,,any,7011,Hotels,medium,1,2026-05
Swissôtel The Stamford,,any,7011,Hotels,medium,1,2026-05
Tablescape Restaurant & Bar,,any,7011,Hotels,medium,1,2026-05
The Alena Resort,,any,7011,Hotels,medium,1,2026-05
The Best Brew,,any,7011,Hotels,medium,1,2026-05
The Boutique,,any,7011,Hotels,medium,1,2026-05
The Fullerton Hotel,,any,7011,Hotels,medium,1,2026-05
The Kuala Lumpur Journal Hotel,,any,7011,Hotels,medium,1,2026-05
"The Langham, New York, Fifth Avenue",,any,7011,Hotels,medium,1,2026-05
The Orchard Cafe,,any,7011,Hotels,medium,1,2026-05
The Outpost Hotel Sentosa,,any,7011,Hotels,medium,1,2026-05
The Quincy Hotel,,any,7011,Hotels,medium,1,2026-05
Travelodge,,any,7011,Hotels,medium,1,2026-05
W Singapore - Sentosa Cove,,any,7011,Hotels,medium,1,2026-05
Wyndham Garden North Bergen Near Secaucus,,any,7011,Hotels,medium,1,2026-05
Ô Château - Hotel,,any,7011,Hotels,medium,1,2026-05
Apm Monaco,,any,5944,Jewellery,medium,1,2026-05
August Berg,,any,5944,Jewellery,medium,1,2026-05
Bering,,any,5944,Jewellery,medium,1,2026-05
Blue Nile,,online,5944,Jewellery,medium,1,2026-05
Breitling,,any,5944,Jewellery,medium,1,2026-05
Brightime,,any,5944,Jewellery,medium,1,2026-05
C2 Of City Chain,,any,5944,Jewellery,medium,1,2026-05
Cartier,,any,5944,Jewellery,medium,1,2026-05
Chopard,,any,5944,Jewellery,medium,1,2026-05
Chow Sang Sang,,any,5944,Jewellery,medium,1,2026-05
Chow Tai Fook,,any,5944,Jewellery,medium,1,2026-05
Chrome Hearts,,any,5944,Jewellery,medium,1,2026-05
Citizen,,any,5944,Jewellery,medium,1,2026-05
City Chain,,any,5944,Jewellery,medium,1,2026-05
Concept Watch,,any,5944,Jewellery,medium,1,2026-05
Confetti By Mui,,any,5944,Jewellery,medium,1,2026-05
Cortina Watch,,any,5944,Jewellery,medium,1,2026-05
Daniel Wellington,,any,5944,Jewellery,medium,1,2026-05
Fonder Diamond,,any,5944,Jewellery,medium,1,2026-05
Fossil,,any,5944,Jewellery,medium,1,2026-05
Franck Muller-Ion,,any,5944,Jewellery,medium,1,2026-05
Franck Muller-Mbs,,any,5944,Jewellery,medium,1,2026-05
Funan,,any,5944,Jewellery,medium,1,2026-05
G-Shock Casio,,any,5944,Jewellery,medium,1,2026-05
Gold Heart,,any,5944,Jewellery,medium,1,2026-05
Goldheart Jewelry,,any,5944,Jewellery,medium,1,2026-05
Heart To Heart Jewellery,,any,5944,Jewellery,medium,1,2026-05
House Of Hung,,any,5944,Jewellery,medium,1,2026-05
Hublot Boutique,,any,5944,Jewellery,medium,1,2026-05
Iwc Schaffhausen,,any,5944,Jewellery,medium,1,2026-05
Jannpaul,,any,5944,Jewellery,medium,1,2026-05
Kee Hing Hung,,any,5944,Jewellery,medium,1,2026-05
Kickstarter Boldr Odys,,online,5944,Jewellery,medium,1,2026-05
L`Atelier By The Hour Glass,,any,5944,Jewellery,medium,1,2026-05
Lee Hwa,,any,5944,Jewellery,medium,1,2026-05
Lotus On Water,,any,5944,Jewellery,medium,1,2026-05
Love & Co.,,any,5944,Jewellery,medium,1,2026-05
Lukfook Jewellery,,any,5944,Jewellery,medium,1,2026-05
Meyson Jewellery,,any,5944,Jewellery,medium,1,2026-05
Mikimoto,,any,5944,Jewellery,medium,1,2026-05
Moneymax,,online,5944,Jewellery,medium,1,2026-05
Montblanc,,any,5944,Jewellery,medium,1,2026-05
Niessing,,any,5944,Jewellery,medium,1,2026-05
Omega Boutique,,any,5944,Jewellery,medium,1,2026-05
Pandora,,any,5944,Jewellery,medium,1,2026-05
Patek Philippe,,any,5944,Jewellery,medium,1,2026-05
Piaget,,any,5944,Jewellery,medium,1,2026-05
Poh Heng,,any,5944,Jewellery,medium,1,2026-05
Pure Gold,,any,5944,Jewellery,medium,1,2026-05
Roger Dubuis,,any,5944,Jewellery,medium,1,2026-05
Rolex,,any,5944,Jewellery,medium,1,2026-05
Seiko,,any,5944,Jewellery,medium,1,2026-05
Sincere Fine Watches,,any,5944,Jewellery,medium,1,2026-05
Sincere Watch,,any,5944,Jewellery,medium,1,2026-05
Sk Gold,,any,5944,Jewellery,medium,1,2026-05
Sk Jewellery,,any,5944,Jewellery,medium,1,2026-05
Soo Kee Jewellery,,any,5944,Jewellery,medium,1,2026-05
Swarovski,,any,5944,Jewellery,medium,1,2026-05
Swatch,,any,5944,Jewellery,medium,1,2026-05
Tag Heuer,,any,5944,Jewellery,medium,1,2026-05
Taka Jewellery,,any,5944,Jewellery,medium,1,2026-05
The Diamond Atelier,,any,5944,Jewellery,medium,1,2026-05
The Hour Glass,,any,5944,Jewellery,medium,1,2026-05
Thomas Sabo,,any,5944,Jewellery,medium,1,2026-05
Tian Po,,any,5944,Jewellery,medium,1,2026-05
Tiffany & Co,,any,5944,Jewellery,medium,1,2026-05
Timex,,any,5944,Jewellery,medium,1,2026-05
Tissot,,any,5944,Jewellery,medium,1,2026-05
Van Cleef & Arpels,,any,5944,Jewellery,medium,1,2026-05
Vincent Watch,,any,5944,Jewellery,medium,1,2026-05
Watch Capital,,any,5944,Jewellery,medium,1,2026-05
Watches Of Switzerland,,any,5944,Jewellery,medium,1,2026-05
Zenith,,any,5944,Jewellery,medium,1,2026-05
Drops Creatine Gummies,,any,5262,Marketplace,medium,1,2026-05
Konyo Konyo Market,,any,5262,Marketplace,medium,1,2026-05
Oppo Intel,,any,5262,Marketplace,medium,1,2026-05
Qoo10,,online,5262,Marketplace,medium,1,2026-05
Caltex Serangoon Avenue,,any,5541,Petrol,medium,1,2026-05
cnergy,,any,5541,Petrol,medium,1,2026-05
Spc,,any,5541,Petrol,medium,1,2026-05
Chemist Direct,,online,5912,Pharmacy,medium,1,2026-05
Chemist Warehouse,,any,5912,Pharmacy,medium,1,2026-05
Lac,,any,5912,Pharmacy,medium,1,2026-05
Matsumoto Kiyoshi,,any,5912,Pharmacy,medium,1,2026-05
Ntuc Unity,,any,5912,Pharmacy,medium,1,2026-05
Anywheel,,any,4121,Taxi / Ride-hailing,medium,1,2026-05
Citycab Taxi,,any,4121,Taxi / Ride-hailing,medium,1,2026-05
Comfort Taxi,,any,4121,Taxi / Ride-hailing,medium,1,2026-05
Daisy Limousine Service,,any,4121,Taxi / Ride-hailing,medium,1,2026-05
Gojek,,online,4121,Taxi / Ride-hailing,medium,1,2026-05
Gopay,,online,4121,Taxi / Ride-hailing,medium,1,2026-05
Lyft,,online,4121,Taxi / Ride-hailing,medium,1,2026-05
Ryde,,any,4121,Taxi / Ride-hailing,medium,1,2026-05
Tada,,any,4121,Taxi / Ride-hailing,medium,1,2026-05
Tbr Global Chauffeuring,,any,4121,Taxi / Ride-hailing,medium,1,2026-05
Tribecar,,any,4121,Taxi / Ride-hailing,medium,1,2026-05
Uber,,online,4121,Taxi / Ride-hailing,medium,1,2026-05
Zig (Taxi),,online,4121,Taxi / Ride-hailing,medium,1,2026-05
Circles Life,,any,4814,Telecommunications,medium,1,2026-05
Giga!,,online,4814,Telecommunications,medium,1,2026-05
Gomo,,any,4814,Telecommunications,medium,1,2026-05
Jetpac Travel Esim,,online,4814,Telecommunications,medium,1,2026-05
M1,,any,4814,Telecommunications,medium,1,2026-05
Myrepublic,,online,4814,Telecommunications,medium,1,2026-05
Skype,,online,4814,Telecommunications,medium,1,2026-05
Starhub,,online,4814,Telecommunications,medium,1,2026-05
Straits Times (Subscription),,any,4814,Telecommunications,medium,1,2026-05
Telechoice,,any,4814,Telecommunications,medium,1,2026-05
Viewqwest,,online,4814,Telecommunications,medium,1,2026-05
Vivifi,,online,4814,Telecommunications,medium,1,2026-05
Xu Tianwei,,any,4814,Telecommunications,medium,1,2026-05
Zero1,,any,4814,Telecommunications,medium,1,2026-05
Zoom,,online,4814,Telecommunications,medium,1,2026-05
Action City,,any,5945,Toys / Hobby,medium,1,2026-05
Collective,,any,5945,Toys / Hobby,medium,1,2026-05
Fat Brain Toys,,any,5945,Toys / Hobby,medium,1,2026-05
Fromjapanli,,online,5945,Toys / Hobby,medium,1,2026-05
Go Toys And Games,,any,5945,Toys / Hobby,medium,1,2026-05
Googleplay,,online,5945,Toys / Hobby,medium,1,2026-05
Hamleys,,any,5945,Toys / Hobby,medium,1,2026-05
Kickstarter,,online,5945,Toys / Hobby,medium,1,2026-05
Koji,,any,5945,Toys / Hobby,medium,1,2026-05
Lego,,any,5945,Toys / Hobby,medium,1,2026-05
Lego Certified Store,,any,5945,Toys / Hobby,medium,1,2026-05
Louis,,any,5945,Toys / Hobby,medium,1,2026-05
Mattel Creations,,any,5945,Toys / Hobby,medium,1,2026-05
Mini Toons,,any,5945,Toys / Hobby,medium,1,2026-05
POP MART,,any,5945,Toys / Hobby,medium,1,2026-05
Qisahn,,any,5945,Toys / Hobby,medium,1,2026-05
Razor,,any,5945,Toys / Hobby,medium,1,2026-05
Seven,,any,5945,Toys / Hobby,medium,1,2026-05
Shangrila,,any,5945,Toys / Hobby,medium,1,2026-05
Simply Toys,,any,5945,Toys / Hobby,medium,1,2026-05
The Better Toy Store,,any,5945,Toys / Hobby,medium,1,2026-05
Tog (Toy Or Game),,any,5945,Toys / Hobby,medium,1,2026-05
Toy Outpost,,any,5945,Toys / Hobby,medium,1,2026-05
Toys R Us,,any,5945,Toys / Hobby,medium,1,2026-05
Agoda,,online,4722,Travel Agency,medium,1,2026-05
Airbnb,,online,4722,Travel Agency,medium,1,2026-05
Airpaz,,online,4722,Travel Agency,medium,1,2026-05
Airvays,,any,4722,Travel Agency,medium,1,2026-05
Anantara Hotels & Resorts,,any,4722,Travel Agency,medium,1,2026-05
Atlas Travelz,,any,4722,Travel Agency,medium,1,2026-05
Attractions4Us,,any,4722,Travel Agency,medium,1,2026-05
Bookabach,,any,4722,Travel Agency,medium,1,2026-05
Booking.Com,,online,4722,Travel Agency,medium,1,2026-05
Bookme,,online,4722,Travel Agency,medium,1,2026-05
Busonlineticket.Com,,online,4722,Travel Agency,medium,1,2026-05
Chan Brothers Travel,,any,4722,Travel Agency,medium,1,2026-05
Changi Recommends,,any,4722,Travel Agency,medium,1,2026-05
Cheap Tickets,,online,4722,Travel Agency,medium,1,2026-05
Cheapoair,,online,4722,Travel Agency,medium,1,2026-05
Contiki,,online,4722,Travel Agency,medium,1,2026-05
Costsaver Tours Canada,,any,4722,Travel Agency,medium,1,2026-05
Cruise Planners Costaventure,,any,4722,Travel Agency,medium,1,2026-05
Druk Asia,,any,4722,Travel Agency,medium,1,2026-05
Dynasty Travel,,any,4722,Travel Agency,medium,1,2026-05
Eu Holidays,,any,4722,Travel Agency,medium,1,2026-05
Expedia,,online,4722,Travel Agency,medium,1,2026-05
Fcm Travel,,any,4722,Travel Agency,medium,1,2026-05
Flight Centre,,any,4722,Travel Agency,medium,1,2026-05
Flight Network,,online,4722,Travel Agency,medium,1,2026-05
Go City,,any,4722,Travel Agency,medium,1,2026-05
Hamilton Island,,any,4722,Travel Agency,medium,1,2026-05
Hostel World,,online,4722,Travel Agency,medium,1,2026-05
Hotels.Com,,online,4722,Travel Agency,medium,1,2026-05
Hotelscombined,,online,4722,Travel Agency,medium,1,2026-05
Hotwire,,online,4722,Travel Agency,medium,1,2026-05
Iceland Tours,,any,4722,Travel Agency,medium,1,2026-05
Internalcheapflights.Com,,online,4722,Travel Agency,medium,1,2026-05
International Rail,,any,4722,Travel Agency,medium,1,2026-05
Jtb,,any,4722,Travel Agency,medium,1,2026-05
Jucy,,any,4722,Travel Agency,medium,1,2026-05
Kayak,,online,4722,Travel Agency,medium,1,2026-05
Kiwi.Com,,online,4722,Travel Agency,medium,1,2026-05
Kkday,,online,4722,Travel Agency,medium,1,2026-05
Klook,,online,4722,Travel Agency,high,1,2026-06
L.G.E Travel,,any,4722,Travel Agency,medium,1,2026-05
Lastminute.Com,,online,4722,Travel Agency,medium,1,2026-05
Let'S Go Europe,,any,4722,Travel Agency,medium,1,2026-05
Luxury Escapes,,online,4722,Travel Agency,medium,1,2026-05
Nam Ho Travel,,any,4722,Travel Agency,medium,1,2026-05
New Shan Travel,,any,4722,Travel Agency,medium,1,2026-05
Omio,,online,4722,Travel Agency,medium,1,2026-05
Orbitz,,online,4722,Travel Agency,medium,1,2026-05
Original Resorts,,any,4722,Travel Agency,medium,1,2026-05
Pelago By Singapore Airlines,,any,4722,Travel Agency,medium,1,2026-05
Pepper Lunch @ Compass One,,any,4722,Travel Agency,medium,1,2026-05
Priceline,,online,4722,Travel Agency,medium,1,2026-05
Sa Tours,,any,4722,Travel Agency,medium,1,2026-05
Sabah Parks,,any,4722,Travel Agency,medium,1,2026-05
Skyscanner,,online,4722,Travel Agency,medium,1,2026-05
Stayz,,online,4722,Travel Agency,medium,1,2026-05
Titanic Hotels,,any,4722,Travel Agency,medium,1,2026-05
Travala,,online,4722,Travel Agency,medium,1,2026-05
Travel Star,,any,4722,Travel Agency,medium,1,2026-05
Travel Trolley,,any,4722,Travel Agency,medium,1,2026-05
Travelocity,,online,4722,Travel Agency,medium,1,2026-05
Traveloka,,online,4722,Travel Agency,medium,1,2026-05
Travelzoo,,online,4722,Travel Agency,medium,1,2026-05
Trip.Com,,online,4722,Travel Agency,medium,1,2026-05
Trivago,,online,4722,Travel Agency,medium,1,2026-05
Viator,,online,4722,Travel Agency,medium,1,2026-05
Vrbo,,online,4722,Travel Agency,medium,1,2026-05
Wamazing,,online,4722,Travel Agency,medium,1,2026-05
Wotif,,online,4722,Travel Agency,medium,1,2026-05
Wts Travel,,any,4722,Travel Agency,medium,1,2026-05
Bastet,,any,5331,Variety Store,medium,1,2026-05
Etch&Amp;Bolts Ptd Ltd,,any,5331,Variety Store,medium,1,2026-05
Etch&Bolts,,any,5331,Variety Store,medium,1,2026-05
Kc Hopper,,any,5331,Variety Store,medium,1,2026-05
Muji,,any,5331,Variety Store,medium,1,2026-05
Mustafa Centre,,any,5331,Variety Store,medium,1,2026-05
Paypal eBay,,online,5331,Variety Store,medium,1,2026-05
Stealth,,any,5331,Variety Store,medium,1,2026-05
Grab,,online,7399,Business Services,high,1,2026-06
SHOPEE SG MP (Diginut Official SG),,online,5262,Marketplace,medium,1,2026-06
Lazada SG,,online,5262,Marketplace,medium,1,2026-06
Challenger (Kris+ pay @ Nex),,online,5732,Electronics,medium,1,2026-06
redmanshop.com,,online,5411,Grocery,medium,1,2026-06
webuy,,any,4722,Travel Agency,medium,1,2026-06
Beryl's Chocolate Harbourfront,,any,5441,Candy / Confectionery,medium,1,2026-06
Chick-Fil-A (Bugis+),,any,5812,Dining,medium,1,2026-06
